time,weather_code,temperature_2m_max,temperature_2m_min,temperature_2m_mean,precipitation_sum,rain_sum,snowfall_sum,precipitation_hours,wind_speed_10m_max,wind_gusts_10m_max,wind_direction_10m_dominant,weather_description
2022-11-15,53,3.1,0.0,2.5,1.2,1.2,0.0,4.0,30.3,44.6,101,Drizzle: Moderate
2022-11-16,73,2.5,0.2,1.2,0.4,0.0,0.28,2.0,42.6,63.7,107,Snow fall: Moderate
2022-11-17,75,3.6,0.8,2.7,9.9,2.4,5.25,14.0,58.1,85.0,130,Snow fall: Heavy
2022-11-18,73,2.7,-1.4,1.0,1.7,0.9,0.56,9.0,24.8,37.1,105,Snow fall: Moderate
2022-11-19,73,2.3,-2.6,0.3,2.3,0.3,1.4,13.0,36.7,56.5,102,Snow fall: Moderate
2022-11-20,75,2.1,-1.8,0.2,5.5,0.5,3.5,13.0,36.7,54.7,110,Snow fall: Heavy
2022-11-21,73,1.1,-3.4,-1.0,1.0,0.0,0.7,4.0,30.9,45.7,117,Snow fall: Moderate
2022-11-22,3,0.2,-5.4,-3.3,0.0,0.0,0.0,0.0,45.2,67.7,97,Overcast
2022-11-23,71,-2.4,-5.1,-3.9,1.4,0.0,0.98,11.0,57.5,85.3,64,Snow fall: Slight
2022-11-24,71,0.7,-2.0,-0.1,1.5,0.0,1.05,13.0,61.8,94.0,76,Snow fall: Slight
2022-11-25,73,0.9,-0.6,0.1,0.6,0.0,0.42,4.0,55.1,81.7,82,Snow fall: Moderate
2022-11-26,75,0.9,-1.0,0.2,5.7,0.0,3.99,15.0,43.6,64.8,91,Snow fall: Heavy
2022-11-27,73,-0.8,-3.9,-2.1,1.5,0.0,1.05,11.0,38.7,57.2,42,Snow fall: Moderate
2022-11-28,73,-3.4,-9.4,-6.8,0.9,0.0,0.7,5.0,20.3,27.0,218,Snow fall: Moderate
2022-11-29,71,2.8,-8.8,-1.1,0.3,0.0,0.21,3.0,58.8,85.0,157,Snow fall: Slight
2022-11-30,71,6.5,3.5,5.4,24.1,23.9,0.14,23.0,64.4,93.6,154,Snow fall: Slight
2022-12-01,73,3.7,-0.7,0.4,6.3,0.3,4.2,23.0,49.3,75.6,181,Snow fall: Moderate
2022-12-02,71,0.9,-1.1,-0.2,0.4,0.0,0.28,4.0,27.4,42.5,179,Snow fall: Slight
2022-12-03,3,0.2,-5.0,-1.8,0.0,0.0,0.0,0.0,21.1,30.2,121,Overcast
2022-12-04,3,-3.9,-6.6,-5.1,0.0,0.0,0.0,0.0,17.4,22.7,213,Overcast
2022-12-05,3,-0.5,-6.2,-3.3,0.0,0.0,0.0,0.0,22.0,30.6,107,Overcast
2022-12-06,71,-1.6,-8.1,-5.3,0.5,0.0,0.35,5.0,15.1,19.8,193,Snow fall: Slight
2022-12-07,71,-4.8,-10.9,-6.6,1.8,0.0,1.26,14.0,23.1,33.8,78,Snow fall: Slight
2022-12-08,71,-10.3,-12.7,-11.4,0.4,0.0,0.28,4.0,28.1,40.3,74,Snow fall: Slight
2022-12-09,71,-6.7,-9.7,-8.0,1.1,0.0,0.84,11.0,27.3,40.3,52,Snow fall: Slight
2022-12-10,3,-6.1,-8.8,-7.0,0.0,0.0,0.0,0.0,34.2,49.3,98,Overcast
2022-12-11,3,-4.7,-8.3,-6.3,0.0,0.0,0.0,0.0,39.0,56.2,99,Overcast
2022-12-12,3,-5.9,-8.6,-7.2,0.0,0.0,0.0,0.0,29.7,43.9,118,Overcast
2022-12-13,71,-6.7,-14.5,-11.6,0.1,0.0,0.07,1.0,34.2,50.0,98,Snow fall: Slight
2022-12-14,71,-11.7,-14.5,-13.1,0.3,0.0,0.21,3.0,28.5,40.3,109,Snow fall: Slight
2022-12-15,3,-12.1,-15.8,-14.1,0.0,0.0,0.0,0.0,30.0,43.6,91,Overcast
2022-12-16,3,-15.0,-17.4,-16.2,0.0,0.0,0.0,0.0,30.3,43.2,109,Overcast
2022-12-17,73,-11.1,-13.5,-12.3,6.7,0.0,4.69,21.0,43.7,63.0,104,Snow fall: Moderate
2022-12-18,71,-12.9,-16.3,-14.7,0.3,0.0,0.21,3.0,53.7,77.4,88,Snow fall: Slight
2022-12-19,71,-10.4,-14.1,-11.8,1.1,0.0,0.77,11.0,64.2,95.8,74,Snow fall: Slight
2022-12-20,73,-7.8,-11.3,-9.3,3.4,0.1,2.31,16.0,56.2,85.0,60,Snow fall: Moderate
2022-12-21,73,-7.7,-11.5,-9.2,1.7,0.0,1.19,10.0,45.9,68.4,55,Snow fall: Moderate
2022-12-22,3,-10.9,-13.4,-12.0,0.0,0.0,0.0,0.0,39.8,57.2,91,Overcast
2022-12-23,3,-12.1,-18.7,-14.6,0.0,0.0,0.0,0.0,33.3,47.9,109,Overcast
2022-12-24,75,-10.7,-19.0,-13.7,11.8,0.0,8.26,13.0,33.9,48.6,107,Snow fall: Heavy
2022-12-25,73,-9.5,-13.0,-11.3,2.6,0.0,1.96,19.0,44.0,64.4,77,Snow fall: Moderate
2022-12-26,71,-10.5,-16.6,-13.2,0.4,0.0,0.28,4.0,23.8,34.2,88,Snow fall: Slight
2022-12-27,73,-8.9,-13.8,-10.5,5.8,0.1,3.99,20.0,35.0,52.2,123,Snow fall: Moderate
2022-12-28,73,-12.1,-16.5,-13.9,1.6,0.0,1.19,6.0,38.3,54.7,109,Snow fall: Moderate
2022-12-29,73,-11.8,-19.0,-14.7,1.0,0.0,0.7,6.0,38.9,58.3,72,Snow fall: Moderate
2022-12-30,2,-16.5,-21.2,-18.2,0.0,0.0,0.0,0.0,18.0,25.2,80,Partly cloudy
2022-12-31,73,-8.1,-18.6,-12.3,1.5,0.0,1.05,10.0,37.2,52.9,182,Snow fall: Moderate
2023-01-01,71,-8.0,-14.8,-11.8,1.2,0.0,0.91,10.0,46.2,67.7,209,Snow fall: Slight
2023-01-02,75,-3.1,-7.8,-5.4,9.7,0.0,6.79,24.0,42.9,63.4,161,Snow fall: Heavy
2023-01-03,71,-2.0,-10.6,-6.5,0.8,0.0,0.56,6.0,26.9,40.3,202,Snow fall: Slight
2023-01-04,3,-6.4,-8.5,-7.0,0.0,0.0,0.0,0.0,28.9,41.8,90,Overcast
2023-01-05,71,-6.0,-8.2,-7.2,0.6,0.0,0.49,4.0,22.7,32.0,103,Snow fall: Slight
2023-01-06,3,-4.6,-9.7,-7.6,0.0,0.0,0.0,0.0,45.2,63.4,106,Overcast
2023-01-07,73,-6.4,-8.4,-7.3,2.6,0.1,1.75,14.0,45.2,65.5,87,Snow fall: Moderate
2023-01-08,75,-2.9,-5.9,-4.7,7.4,0.0,5.18,23.0,34.2,50.0,30,Snow fall: Heavy
2023-01-09,73,-3.4,-6.2,-4.9,4.6,0.0,3.22,17.0,24.5,38.5,358,Snow fall: Moderate
2023-01-10,73,-3.2,-5.4,-4.1,2.5,0.0,1.75,14.0,39.8,58.0,84,Snow fall: Moderate
2023-01-11,71,-4.4,-6.5,-5.2,0.3,0.0,0.21,3.0,37.5,55.4,80,Snow fall: Slight
2023-01-12,3,-5.7,-9.0,-7.5,0.0,0.0,0.0,0.0,37.5,53.6,101,Overcast
2023-01-13,3,-6.0,-12.6,-8.6,0.0,0.0,0.0,0.0,12.0,36.4,112,Overcast
2023-01-14,3,-11.8,-15.2,-13.5,0.0,0.0,0.0,0.0,32.7,46.8,97,Overcast
2023-01-15,3,-14.0,-16.2,-15.2,0.0,0.0,0.0,0.0,26.6,37.4,88,Overcast
2023-01-16,71,-11.1,-16.5,-13.5,0.4,0.0,0.28,4.0,18.0,25.2,77,Snow fall: Slight
2023-01-17,71,-9.4,-14.2,-11.4,1.3,0.0,0.98,13.0,21.3,31.7,35,Snow fall: Slight
2023-01-18,71,-10.2,-14.8,-12.3,0.1,0.0,0.07,1.0,30.2,43.2,86,Snow fall: Slight
2023-01-19,71,-6.0,-11.1,-9.5,0.7,0.0,0.56,5.0,31.7,45.7,119,Snow fall: Slight
2023-01-20,75,4.1,-5.2,-0.1,33.0,3.7,20.51,24.0,91.9,134.3,170,Snow fall: Heavy
2023-01-21,73,4.4,-3.5,-0.2,9.2,6.2,2.1,16.0,59.4,87.1,209,Snow fall: Moderate
2023-01-22,75,-2.8,-11.3,-7.3,10.4,0.1,7.21,22.0,73.0,108.7,225,Snow fall: Heavy
2023-01-23,71,-3.3,-10.0,-6.9,0.5,0.0,0.35,4.0,39.2,63.0,203,Snow fall: Slight
2023-01-24,73,2.5,-4.2,-0.1,4.1,1.7,1.68,11.0,46.2,68.0,203,Snow fall: Moderate
2023-01-25,73,-1.5,-7.1,-4.5,2.9,0.0,2.03,13.0,37.2,53.6,237,Snow fall: Moderate
2023-01-26,73,4.1,-1.7,1.5,13.5,8.4,3.57,19.0,81.5,119.5,196,Snow fall: Moderate
2023-01-27,75,-1.9,-6.5,-5.2,5.7,0.0,3.99,16.0,67.8,99.0,228,Snow fall: Heavy
2023-01-28,75,1.1,-4.8,-1.8,10.7,0.0,7.49,17.0,53.6,80.6,206,Snow fall: Heavy
2023-01-29,75,-2.6,-6.8,-5.0,4.4,0.0,3.15,12.0,38.5,57.6,218,Snow fall: Heavy
2023-01-30,75,-6.6,-11.3,-8.8,5.8,0.0,4.06,15.0,62.1,92.9,101,Snow fall: Heavy
2023-01-31,73,-7.8,-9.7,-8.5,1.8,0.1,1.19,13.0,61.6,90.7,77,Snow fall: Moderate
2023-02-01,73,-6.9,-9.1,-7.8,1.8,0.0,1.33,9.0,34.9,50.0,97,Snow fall: Moderate
2023-02-02,75,-1.6,-7.7,-4.0,13.9,0.0,9.73,18.0,58.0,94.7,120,Snow fall: Heavy
2023-02-03,75,3.9,-4.2,-1.1,21.2,7.2,9.8,22.0,80.0,114.1,178,Snow fall: Heavy
2023-02-04,73,-3.9,-7.7,-6.1,2.0,0.0,1.4,11.0,54.1,78.5,208,Snow fall: Moderate
2023-02-05,75,3.9,-3.6,1.4,36.7,12.0,17.29,24.0,78.5,121.0,190,Snow fall: Heavy
2023-02-06,73,-1.5,-8.4,-5.1,4.9,0.0,3.43,19.0,76.9,110.2,214,Snow fall: Moderate
2023-02-07,75,-4.0,-10.9,-8.2,12.7,0.1,8.82,22.0,69.1,101.2,209,Snow fall: Heavy
2023-02-08,73,-10.3,-12.5,-11.3,2.4,0.0,1.82,12.0,46.6,67.7,212,Snow fall: Moderate
2023-02-09,73,-9.3,-13.9,-11.9,0.9,0.0,0.63,7.0,38.9,56.2,219,Snow fall: Moderate
2023-02-10,73,0.2,-10.4,-1.8,6.3,0.0,4.41,18.0,65.4,95.0,190,Snow fall: Moderate
2023-02-11,75,3.3,-5.7,-0.5,12.4,3.9,5.95,22.0,78.7,123.8,202,Snow fall: Heavy
2023-02-12,73,3.4,-5.8,-2.5,7.5,1.6,4.13,15.0,67.1,105.8,202,Snow fall: Moderate
2023-02-13,73,4.5,1.8,3.8,28.9,24.4,3.15,21.0,87.0,129.2,185,Snow fall: Moderate
2023-02-14,73,1.3,-4.8,-0.8,7.1,0.0,5.04,23.0,47.5,68.8,194,Snow fall: Moderate
2023-02-15,71,-4.2,-6.2,-5.0,0.8,0.0,0.56,7.0,32.1,46.4,186,Snow fall: Slight
2023-02-16,71,-5.2,-7.6,-6.3,0.3,0.0,0.21,3.0,34.5,50.0,212,Snow fall: Slight
2023-02-17,73,-6.7,-9.8,-8.1,1.5,0.0,1.05,9.0,34.3,52.9,230,Snow fall: Moderate
2023-02-18,73,-1.8,-8.1,-5.8,1.4,0.0,0.98,4.0,47.6,68.8,175,Snow fall: Moderate
2023-02-19,75,-1.4,-4.1,-2.8,26.1,0.0,18.27,24.0,49.6,72.0,118,Snow fall: Heavy
2023-02-20,75,-3.3,-7.4,-5.3,7.9,0.0,5.53,12.0,42.0,63.7,240,Snow fall: Heavy
2023-02-21,71,-4.7,-10.3,-7.6,0.2,0.1,0.14,2.0,27.7,38.9,179,Snow fall: Slight
2023-02-22,73,-0.3,-10.9,-6.3,3.5,0.0,2.52,14.0,55.3,79.6,214,Snow fall: Moderate
2023-02-23,75,-0.8,-3.4,-1.8,6.2,0.0,4.34,20.0,50.4,75.2,234,Snow fall: Heavy
2023-02-24,71,1.7,-1.5,0.5,0.2,0.0,0.14,2.0,48.4,69.1,206,Snow fall: Slight
2023-02-25,71,2.5,0.9,1.9,1.8,1.2,0.42,15.0,57.1,82.4,201,Snow fall: Slight
2023-02-26,71,3.3,1.1,2.2,0.9,0.3,0.42,9.0,59.9,88.6,197,Snow fall: Slight
2023-02-27,71,2.7,0.3,1.4,0.9,0.6,0.21,9.0,30.6,48.2,174,Snow fall: Slight
2023-02-28,75,3.3,-3.1,1.4,6.8,4.4,1.68,15.0,54.0,78.5,198,Snow fall: Heavy
2023-03-01,3,1.5,-3.2,-1.7,0.0,0.0,0.0,0.0,46.1,73.4,208,Overcast
2023-03-02,71,1.5,-0.3,0.8,0.1,0.0,0.07,1.0,37.5,53.6,215,Snow fall: Slight
2023-03-03,3,-0.2,-2.6,-1.1,0.0,0.0,0.0,0.0,21.5,30.6,195,Overcast
2023-03-04,71,-0.9,-2.7,-1.7,1.8,0.0,1.26,14.0,22.9,34.2,230,Snow fall: Slight
2023-03-05,73,-0.7,-11.6,-5.6,3.8,0.0,2.66,12.0,38.3,55.1,74,Snow fall: Moderate
2023-03-06,71,-10.6,-13.9,-12.5,0.3,0.0,0.21,3.0,27.0,42.8,63,Snow fall: Slight
2023-03-07,71,-13.1,-15.8,-14.2,1.6,0.0,1.12,16.0,37.8,55.1,39,Snow fall: Slight
2023-03-08,71,-11.2,-16.3,-13.8,0.7,0.0,0.56,7.0,34.6,51.1,77,Snow fall: Slight
2023-03-09,71,-10.6,-15.3,-12.9,0.5,0.0,0.35,5.0,24.9,37.1,69,Snow fall: Slight
2023-03-10,3,-15.8,-19.9,-18.2,0.0,0.0,0.0,0.0,25.0,36.7,65,Overcast
2023-03-11,3,-18.5,-20.5,-19.6,0.0,0.0,0.0,0.0,25.6,36.0,80,Overcast
2023-03-12,3,-16.2,-19.2,-17.9,0.0,0.0,0.0,0.0,32.2,46.8,90,Overcast
2023-03-13,71,-13.8,-19.3,-17.2,0.1,0.0,0.21,1.0,23.7,36.0,63,Snow fall: Slight
2023-03-14,71,-13.2,-18.9,-16.2,0.6,0.1,0.35,6.0,23.5,32.8,61,Snow fall: Slight
2023-03-15,3,-13.7,-18.1,-16.1,0.0,0.0,0.0,0.0,43.1,61.6,95,Overcast
2023-03-16,3,-11.7,-13.5,-12.9,0.0,0.0,0.0,0.0,38.3,55.8,110,Overcast
2023-03-17,71,-5.6,-11.4,-8.2,0.2,0.0,0.14,2.0,35.4,51.1,117,Snow fall: Slight
2023-03-18,75,-6.7,-10.2,-8.4,14.9,0.0,10.43,24.0,22.1,32.4,325,Snow fall: Heavy
2023-03-19,71,-10.5,-14.1,-12.8,0.8,0.0,0.56,8.0,37.8,54.4,83,Snow fall: Slight
2023-03-20,3,-9.0,-13.0,-11.1,0.0,0.0,0.0,0.0,42.8,60.1,109,Overcast
2023-03-21,73,-8.7,-12.1,-10.1,5.2,0.1,3.57,21.0,70.2,101.2,95,Snow fall: Moderate
2023-03-22,73,-7.9,-10.3,-8.9,4.2,0.0,2.94,23.0,75.4,109.4,85,Snow fall: Moderate
2023-03-23,71,-7.5,-10.0,-9.0,2.4,0.0,1.68,22.0,52.6,79.2,83,Snow fall: Slight
2023-03-24,71,-8.3,-11.4,-10.0,0.6,0.0,0.42,6.0,42.9,61.2,76,Snow fall: Slight
2023-03-25,71,-8.2,-11.4,-9.7,0.1,0.0,0.07,1.0,24.9,41.8,92,Snow fall: Slight
2023-03-26,75,-7.3,-12.4,-9.7,7.5,0.0,5.25,17.0,19.0,28.4,340,Snow fall: Heavy
2023-03-27,71,-8.5,-11.9,-10.4,1.2,0.0,0.84,12.0,33.9,48.2,48,Snow fall: Slight
2023-03-28,3,-7.9,-10.5,-9.5,0.0,0.0,0.0,0.0,45.1,64.1,107,Overcast
2023-03-29,75,-2.5,-9.8,-5.5,15.8,0.1,10.99,24.0,47.7,69.1,100,Snow fall: Heavy
2023-03-30,73,0.4,-3.3,-2.1,7.0,0.0,4.9,20.0,53.8,76.7,100,Snow fall: Moderate
2023-03-31,75,3.1,0.6,1.9,7.1,3.1,2.8,18.0,34.2,49.7,106,Snow fall: Heavy
2023-04-01,75,1.5,-3.0,-0.7,7.6,0.3,5.18,15.0,48.2,70.2,204,Snow fall: Heavy
2023-04-02,71,-1.4,-3.5,-2.5,0.7,0.0,0.49,4.0,50.1,73.1,212,Snow fall: Slight
2023-04-03,75,4.4,-1.6,2.5,28.8,8.0,14.63,19.0,57.8,88.2,130,Snow fall: Heavy
2023-04-04,73,4.7,1.2,2.7,8.6,5.1,2.45,19.0,65.5,96.1,162,Snow fall: Moderate
2023-04-05,73,1.7,-0.8,0.5,7.0,0.5,4.55,17.0,21.4,30.2,221,Snow fall: Moderate
2023-04-06,73,-1.0,-3.3,-1.9,2.2,0.0,1.54,8.0,23.9,33.8,214,Snow fall: Moderate
2023-04-07,75,3.4,-2.2,1.2,9.5,1.4,5.67,17.0,85.2,122.0,148,Snow fall: Heavy
2023-04-08,75,2.8,1.8,2.3,8.1,0.2,5.53,19.0,45.9,95.8,156,Snow fall: Heavy
2023-04-09,71,3.8,0.8,2.0,1.8,0.8,0.7,14.0,47.5,69.5,97,Snow fall: Slight
2023-04-10,73,1.4,-0.6,0.3,8.8,0.0,6.16,21.0,50.7,74.2,88,Snow fall: Moderate
2023-04-11,75,0.6,-2.4,-0.7,9.9,0.0,6.93,16.0,22.5,33.8,97,Snow fall: Heavy
2023-04-12,73,-0.7,-4.7,-2.8,1.4,0.0,0.98,6.0,21.4,31.7,46,Snow fall: Moderate
2023-04-13,3,0.4,-4.2,-1.8,0.0,0.0,0.0,0.0,30.1,43.6,105,Overcast
2023-04-14,71,-0.9,-2.2,-1.4,0.5,0.0,0.35,5.0,23.8,40.0,56,Snow fall: Slight
2023-04-15,3,0.8,-2.5,-0.9,0.0,0.0,0.0,0.0,16.1,24.8,194,Overcast
2023-04-16,73,5.4,-3.0,2.3,5.9,3.6,1.68,16.0,46.7,70.9,129,Snow fall: Moderate
2023-04-17,63,6.3,4.1,4.9,36.1,36.1,0.0,20.0,58.4,85.0,170,Rain: Moderate
2023-04-18,61,5.1,3.3,4.3,5.9,5.9,0.0,13.0,54.0,83.5,170,Rain: Slight
2023-04-19,51,5.6,3.5,4.7,0.4,0.4,0.0,4.0,29.9,43.9,183,Drizzle: Light
2023-04-20,2,4.7,1.0,3.2,0.0,0.0,0.0,0.0,26.1,37.4,201,Partly cloudy
2023-04-21,71,0.6,-4.7,-1.8,0.1,0.0,0.07,1.0,35.7,51.8,99,Snow fall: Slight
2023-04-22,3,-2.4,-7.1,-4.1,0.0,0.0,0.0,0.0,28.2,44.3,106,Overcast
2023-04-23,3,-1.2,-6.5,-3.7,0.0,0.0,0.0,0.0,11.9,20.5,116,Overcast
2023-04-24,3,-1.8,-7.6,-3.8,0.0,0.0,0.0,0.0,24.3,35.3,105,Overcast
2023-04-25,3,-5.1,-8.9,-7.0,0.0,0.0,0.0,0.0,24.2,35.6,111,Overcast
2023-04-26,2,-4.7,-9.1,-6.8,0.0,0.0,0.0,0.0,15.1,25.6,101,Partly cloudy
2023-04-27,71,-3.6,-10.3,-6.3,0.4,0.0,0.28,4.0,11.5,18.0,96,Snow fall: Slight
2023-04-28,71,-5.0,-9.5,-7.0,0.3,0.0,0.21,3.0,19.7,29.5,93,Snow fall: Slight
2023-04-29,3,-5.0,-9.5,-7.2,0.0,0.0,0.0,0.0,28.7,41.0,99,Overcast
2023-04-30,71,-3.1,-9.6,-6.7,0.3,0.0,0.21,3.0,27.6,38.9,67,Snow fall: Slight
2023-05-01,71,-2.4,-8.0,-4.9,0.4,0.0,0.28,4.0,26.0,39.2,92,Snow fall: Slight
2023-05-02,3,-0.4,-4.6,-2.3,0.0,0.0,0.0,0.0,15.5,22.0,178,Overcast
2023-05-03,3,1.8,-2.9,-0.6,0.0,0.0,0.0,0.0,14.4,21.6,140,Overcast
2023-05-04,73,3.9,-1.9,0.9,2.8,1.1,1.19,11.0,11.5,16.6,213,Snow fall: Moderate
2023-05-05,51,4.9,1.9,3.1,1.1,1.1,0.0,6.0,18.2,25.9,177,Drizzle: Light
2023-05-06,51,5.6,1.3,3.2,0.1,0.1,0.0,1.0,18.3,25.6,106,Drizzle: Light
2023-05-07,73,5.6,1.1,3.9,9.9,6.8,2.17,13.0,20.1,30.2,109,Snow fall: Moderate
2023-05-08,53,6.2,2.0,4.4,1.4,1.4,0.0,7.0,22.7,32.4,111,Drizzle: Moderate
2023-05-09,61,5.5,2.8,4.1,6.3,6.3,0.0,9.0,17.9,24.5,191,Rain: Slight
2023-05-10,51,3.7,2.2,3.2,1.1,1.1,0.0,9.0,15.9,23.8,250,Drizzle: Light
2023-05-11,51,7.0,1.6,4.5,0.3,0.3,0.0,2.0,30.7,44.3,197,Drizzle: Light
2023-05-12,71,6.5,1.0,4.0,21.7,21.5,0.14,23.0,57.4,85.0,196,Snow fall: Slight
2023-05-13,75,2.0,-0.7,0.9,8.8,1.1,5.39,12.0,41.6,60.5,144,Snow fall: Heavy
2023-05-14,75,1.2,-6.2,-3.1,13.7,0.4,9.31,22.0,40.8,60.5,279,Snow fall: Heavy
2023-05-15,73,-1.0,-7.5,-3.9,5.9,0.0,4.13,16.0,25.0,36.7,67,Snow fall: Moderate
2023-05-16,51,2.9,-7.8,-1.6,0.1,0.1,0.0,1.0,31.2,46.1,204,Drizzle: Light
2023-05-17,51,5.4,2.3,3.9,0.1,0.1,0.0,1.0,27.6,41.8,199,Drizzle: Light
2023-05-18,53,6.3,3.0,4.7,7.6,7.6,0.0,21.0,31.1,48.6,170,Drizzle: Moderate
2023-05-19,53,7.4,-0.1,3.7,3.8,3.8,0.0,12.0,64.5,96.8,208,Drizzle: Moderate
2023-05-20,73,0.9,-2.1,-0.2,4.1,0.0,2.87,24.0,60.9,90.7,213,Snow fall: Moderate
2023-05-21,75,2.6,-3.1,0.2,12.5,0.0,8.75,22.0,55.3,83.2,207,Snow fall: Heavy
2023-05-22,73,1.3,-3.1,-1.0,2.1,0.0,1.54,12.0,46.7,69.5,215,Snow fall: Moderate
2023-05-23,73,3.4,-2.3,1.0,5.9,2.0,2.73,20.0,60.5,90.0,208,Snow fall: Moderate
2023-05-24,73,-0.4,-2.5,-1.6,2.4,0.0,1.75,13.0,56.8,88.2,231,Snow fall: Moderate
2023-05-25,75,2.2,-1.8,0.2,3.1,0.0,2.17,8.0,45.1,76.0,235,Snow fall: Heavy
2023-05-26,73,5.2,-0.7,2.0,10.6,7.8,1.96,15.0,57.1,82.4,202,Snow fall: Moderate
2023-05-27,75,1.1,-3.3,-1.4,7.9,0.0,5.6,13.0,49.8,74.9,265,Snow fall: Heavy
2023-05-28,71,4.3,-1.4,1.6,4.0,3.4,0.42,14.0,53.5,77.0,208,Snow fall: Slight
2023-05-29,51,6.0,3.6,4.8,1.0,1.0,0.0,5.0,61.8,89.6,208,Drizzle: Light
2023-05-30,51,4.8,1.3,3.3,0.3,0.3,0.0,3.0,65.6,96.5,222,Drizzle: Light
2023-05-31,3,7.8,1.5,4.5,0.0,0.0,0.0,0.0,23.7,33.5,233,Overcast
2023-06-01,3,9.7,5.5,7.2,0.0,0.0,0.0,0.0,29.5,42.1,233,Overcast
2023-06-02,3,7.5,3.8,6.1,0.0,0.0,0.0,0.0,30.1,42.8,236,Overcast
2023-06-03,3,6.0,3.0,4.6,0.0,0.0,0.0,0.0,40.7,60.8,217,Overcast
2023-06-04,3,6.7,3.5,4.9,0.0,0.0,0.0,0.0,30.1,44.3,209,Overcast
2023-06-05,51,7.0,2.3,5.0,0.4,0.4,0.0,4.0,43.0,65.9,222,Drizzle: Light
2023-06-06,51,3.6,0.9,2.2,0.7,0.7,0.0,7.0,21.4,33.8,247,Drizzle: Light
2023-06-07,3,8.6,-0.4,4.4,0.0,0.0,0.0,0.0,36.8,56.9,208,Overcast
2023-06-08,51,6.3,4.1,5.0,2.2,2.2,0.0,12.0,42.3,64.1,201,Drizzle: Light
2023-06-09,61,6.9,3.1,5.3,14.1,14.1,0.0,23.0,37.5,60.5,199,Rain: Slight
2023-06-10,73,3.8,-0.1,2.0,1.8,0.7,0.77,6.0,29.9,50.8,232,Snow fall: Moderate
2023-06-11,3,8.7,-0.6,4.0,0.0,0.0,0.0,0.0,42.4,67.0,207,Overcast
2023-06-12,3,11.1,4.1,7.9,0.0,0.0,0.0,0.0,42.0,63.0,210,Overcast
2023-06-13,3,12.2,3.6,8.3,0.0,0.0,0.0,0.0,19.3,32.4,221,Overcast
2023-06-14,3,13.3,5.8,10.2,0.0,0.0,0.0,0.0,20.9,34.9,183,Overcast
2023-06-15,51,14.4,9.0,11.6,0.2,0.2,0.0,1.0,17.3,29.5,180,Drizzle: Light
2023-06-16,53,15.5,9.0,12.1,0.8,0.8,0.0,2.0,22.6,39.2,201,Drizzle: Moderate
2023-06-17,3,14.8,9.8,12.1,0.0,0.0,0.0,0.0,30.3,49.7,214,Overcast
2023-06-18,51,12.2,8.6,9.7,1.3,1.3,0.0,8.0,18.6,32.0,221,Drizzle: Light
2023-06-19,55,9.8,5.6,7.6,9.0,9.0,0.0,17.0,11.9,22.0,18,Drizzle: Dense intensity
2023-06-20,53,7.2,1.9,5.4,5.6,5.6,0.0,20.0,24.8,40.3,56,Drizzle: Moderate
2023-06-21,51,8.1,1.3,4.4,0.6,0.6,0.0,4.0,12.6,23.4,42,Drizzle: Light
2023-06-22,51,9.2,6.4,7.5,0.5,0.5,0.0,3.0,29.5,46.4,178,Drizzle: Light
2023-06-23,55,12.1,7.9,10.4,13.4,13.4,0.0,23.0,41.8,64.8,139,Drizzle: Dense intensity
2023-06-24,53,11.3,7.9,9.6,1.4,1.4,0.0,7.0,25.9,39.6,131,Drizzle: Moderate
2023-06-25,55,12.6,3.8,9.7,10.0,10.0,0.0,19.0,46.2,70.9,105,Drizzle: Dense intensity
2023-06-26,51,10.4,4.0,7.6,0.1,0.1,0.0,1.0,24.2,40.0,132,Drizzle: Light
2023-06-27,61,10.6,3.8,6.7,7.8,7.8,0.0,9.0,53.1,78.5,83,Rain: Slight
2023-06-28,55,6.9,3.2,5.2,5.3,5.3,0.0,16.0,32.3,57.2,338,Drizzle: Dense intensity
2023-06-29,55,6.1,3.5,4.5,5.5,5.5,0.0,14.0,29.5,43.9,236,Drizzle: Dense intensity
2023-06-30,71,7.8,3.6,5.5,13.8,13.7,0.07,24.0,22.5,35.3,75,Snow fall: Slight
2023-07-01,71,7.5,4.3,6.0,5.4,5.2,0.14,17.0,28.5,43.6,81,Snow fall: Slight
2023-07-02,53,8.6,3.8,5.9,3.5,3.5,0.0,11.0,39.8,59.4,67,Drizzle: Moderate
2023-07-03,3,7.2,2.6,5.2,0.0,0.0,0.0,0.0,37.0,59.8,49,Overcast
2023-07-04,71,1.7,0.1,0.8,0.2,0.0,0.14,2.0,25.2,41.4,351,Snow fall: Slight
2023-07-05,73,5.9,-0.2,2.1,5.6,3.9,1.19,16.0,29.7,46.4,7,Snow fall: Moderate
2023-07-06,3,8.3,2.1,5.4,0.0,0.0,0.0,0.0,30.3,47.5,83,Overcast
2023-07-07,3,10.5,4.3,7.3,0.0,0.0,0.0,0.0,33.1,50.8,95,Overcast
2023-07-08,51,15.5,5.6,11.1,0.1,0.1,0.0,1.0,21.8,38.2,170,Drizzle: Light
2023-07-09,3,18.5,10.4,14.6,0.0,0.0,0.0,0.0,14.0,22.3,314,Overcast
2023-07-10,53,15.6,9.4,13.2,1.7,1.7,0.0,7.0,33.8,51.5,95,Drizzle: Moderate
2023-07-11,51,11.5,5.5,8.6,0.4,0.4,0.0,3.0,31.3,50.0,55,Drizzle: Light
2023-07-12,51,9.3,1.3,4.8,0.3,0.3,0.0,3.0,27.5,44.6,31,Drizzle: Light
2023-07-13,73,2.6,0.0,1.4,1.7,0.5,0.84,12.0,21.7,35.6,338,Snow fall: Moderate
2023-07-14,71,3.3,0.3,1.4,2.9,2.2,0.49,21.0,19.5,32.8,324,Snow fall: Slight
2023-07-15,71,3.6,0.3,1.9,1.8,1.7,0.07,11.0,17.2,28.1,359,Snow fall: Slight
2023-07-16,51,8.1,1.8,4.2,2.9,2.9,0.0,16.0,27.9,44.6,19,Drizzle: Light
2023-07-17,51,9.0,1.8,5.6,0.6,0.6,0.0,3.0,19.3,32.0,355,Drizzle: Light
2023-07-18,51,7.4,3.2,5.3,0.2,0.2,0.0,2.0,14.2,26.6,338,Drizzle: Light
2023-07-19,51,11.2,3.9,7.8,1.1,1.1,0.0,5.0,17.8,32.0,6,Drizzle: Light
2023-07-20,3,12.5,4.2,8.8,0.0,0.0,0.0,0.0,15.3,25.6,220,Overcast
2023-07-21,53,11.7,7.7,9.5,4.8,4.8,0.0,13.0,18.4,28.8,232,Drizzle: Moderate
2023-07-22,61,10.6,7.2,9.1,6.5,6.5,0.0,18.0,15.4,25.6,317,Rain: Slight
2023-07-23,55,9.2,5.4,7.9,6.5,6.5,0.0,17.0,17.1,27.0,277,Drizzle: Dense intensity
2023-07-24,53,9.8,7.3,8.5,6.2,6.2,0.0,20.0,10.3,19.8,236,Drizzle: Moderate
2023-07-25,55,11.0,7.3,8.7,5.2,5.2,0.0,23.0,9.4,17.6,190,Drizzle: Dense intensity
2023-07-26,51,9.4,4.9,7.4,0.3,0.3,0.0,2.0,32.9,48.6,90,Drizzle: Light
2023-07-27,3,7.1,3.3,4.9,0.0,0.0,0.0,0.0,38.6,58.0,87,Overcast
2023-07-28,3,8.2,3.2,5.9,0.0,0.0,0.0,0.0,35.3,53.6,75,Overcast
2023-07-29,53,11.2,5.7,8.3,1.4,1.4,0.0,5.0,26.3,45.0,97,Drizzle: Moderate
2023-07-30,53,11.9,7.0,9.5,2.2,2.2,0.0,11.0,12.5,21.6,70,Drizzle: Moderate
2023-07-31,51,12.9,7.2,9.9,0.9,0.9,0.0,7.0,12.3,23.8,69,Drizzle: Light
2023-08-01,3,12.6,5.8,9.4,0.0,0.0,0.0,0.0,12.9,25.9,15,Overcast
2023-08-02,53,8.0,4.7,6.1,3.2,3.2,0.0,11.0,15.5,27.7,329,Drizzle: Moderate
2023-08-03,51,8.3,3.7,5.8,0.6,0.6,0.0,6.0,15.5,27.0,285,Drizzle: Light
2023-08-04,3,9.9,4.4,7.6,0.0,0.0,0.0,0.0,10.5,20.5,201,Overcast
2023-08-05,51,9.8,5.7,7.8,1.2,1.2,0.0,9.0,14.8,25.6,207,Drizzle: Light
2023-08-06,61,11.2,5.1,7.7,6.0,6.0,0.0,11.0,10.5,21.2,153,Rain: Slight
2023-08-07,51,11.5,5.4,8.4,0.5,0.5,0.0,5.0,20.2,34.6,101,Drizzle: Light
2023-08-08,53,10.1,4.4,6.8,2.9,2.9,0.0,11.0,16.2,29.5,8,Drizzle: Moderate
2023-08-09,51,8.2,2.3,5.5,0.3,0.3,0.0,3.0,15.6,28.4,40,Drizzle: Light
2023-08-10,51,11.9,2.8,7.6,0.7,0.7,0.0,3.0,15.3,24.5,85,Drizzle: Light
2023-08-11,3,14.8,7.2,11.3,0.0,0.0,0.0,0.0,25.9,41.4,97,Overcast
2023-08-12,51,13.7,7.9,10.1,0.4,0.4,0.0,3.0,22.7,36.4,77,Drizzle: Light
2023-08-13,3,12.0,5.7,8.2,0.0,0.0,0.0,0.0,24.3,38.5,80,Overcast
2023-08-14,3,12.5,4.4,8.6,0.0,0.0,0.0,0.0,19.9,33.8,184,Overcast
2023-08-15,3,10.4,6.0,8.2,0.0,0.0,0.0,0.0,26.2,41.0,214,Overcast
2023-08-16,3,10.6,7.1,8.5,0.0,0.0,0.0,0.0,32.4,51.5,219,Overcast
2023-08-17,51,9.9,5.7,8.0,1.0,1.0,0.0,6.0,6.2,12.6,121,Drizzle: Light
2023-08-18,3,11.7,7.6,9.3,0.0,0.0,0.0,0.0,12.7,19.1,105,Overcast
2023-08-19,3,14.7,4.3,9.5,0.0,0.0,0.0,0.0,19.5,30.2,105,Overcast
2023-08-20,53,11.6,4.3,8.4,3.9,3.9,0.0,11.0,31.8,48.2,49,Drizzle: Moderate
2023-08-21,73,3.7,0.3,1.8,6.2,1.4,3.36,12.0,24.8,40.7,330,Snow fall: Moderate
2023-08-22,3,9.7,0.1,6.0,0.0,0.0,0.0,0.0,34.0,51.5,99,Overcast
2023-08-23,51,12.3,7.1,9.6,0.3,0.3,0.0,3.0,18.0,27.0,94,Drizzle: Light
2023-08-24,2,14.5,7.4,10.5,0.0,0.0,0.0,0.0,14.0,25.2,247,Partly cloudy
2023-08-25,3,16.8,8.2,12.5,0.0,0.0,0.0,0.0,31.4,46.4,210,Overcast
2023-08-26,63,13.8,7.8,11.6,18.6,18.6,0.0,18.0,41.6,62.3,200,Rain: Moderate
2023-08-27,55,10.0,4.8,7.3,2.7,2.7,0.0,4.0,29.1,43.9,231,Drizzle: Dense intensity
2023-08-28,53,9.6,4.9,7.1,3.7,3.7,0.0,13.0,31.2,46.1,56,Drizzle: Moderate
2023-08-29,51,9.1,4.3,6.5,0.5,0.5,0.0,4.0,21.1,32.0,229,Drizzle: Light
2023-08-30,51,8.5,4.4,6.6,1.0,1.0,0.0,7.0,21.1,31.3,202,Drizzle: Light
2023-08-31,3,9.4,2.5,5.8,0.0,0.0,0.0,0.0,18.1,29.5,208,Overcast
2023-09-01,63,8.0,3.2,6.1,13.1,13.1,0.0,4.0,70.8,105.8,155,Rain: Moderate
2023-09-02,63,10.0,4.4,7.2,21.1,21.1,0.0,24.0,71.0,111.2,196,Rain: Moderate
2023-09-03,51,4.2,0.8,2.8,1.5,1.5,0.0,13.0,61.1,90.4,214,Drizzle: Light
2023-09-04,3,6.6,0.3,3.4,0.0,0.0,0.0,0.0,44.2,68.0,216,Overcast
2023-09-05,3,10.4,3.2,7.2,0.0,0.0,0.0,0.0,40.5,61.6,200,Overcast
2023-09-06,51,9.0,7.9,8.4,1.3,1.3,0.0,8.0,47.6,71.3,193,Drizzle: Light
2023-09-07,61,8.8,6.2,7.9,13.6,13.6,0.0,18.0,25.0,38.5,208,Rain: Slight
2023-09-08,51,7.5,4.2,5.3,4.0,4.0,0.0,21.0,64.9,94.7,207,Drizzle: Light
2023-09-09,73,4.2,1.7,2.9,6.7,4.7,1.4,15.0,34.8,51.8,249,Snow fall: Moderate
2023-09-10,75,2.1,-0.4,1.2,10.5,0.2,7.21,18.0,31.5,46.8,88,Snow fall: Heavy
2023-09-11,71,2.8,-2.2,0.5,0.4,0.0,0.28,4.0,24.5,46.4,49,Snow fall: Slight
2023-09-12,3,3.4,-3.5,0.6,0.0,0.0,0.0,0.0,21.2,32.8,208,Overcast
2023-09-13,51,5.6,-2.7,1.8,0.1,0.1,0.0,1.0,11.6,16.9,119,Drizzle: Light
2023-09-14,51,6.8,-0.0,3.4,0.2,0.2,0.0,2.0,20.0,28.1,82,Drizzle: Light
2023-09-15,71,5.2,0.4,3.1,0.6,0.5,0.07,5.0,29.8,45.7,210,Snow fall: Slight
2023-09-16,63,7.8,2.2,4.6,18.0,18.0,0.0,14.0,33.5,51.5,161,Rain: Moderate
2023-09-17,61,8.5,3.1,5.2,3.8,3.8,0.0,10.0,18.4,26.3,204,Rain: Slight
2023-09-18,75,4.6,0.3,2.8,20.2,12.5,5.39,17.0,41.0,59.4,78,Snow fall: Heavy
2023-09-19,71,4.6,0.7,2.3,7.3,6.4,0.63,21.0,57.7,86.8,64,Snow fall: Slight
2023-09-20,71,2.3,-0.3,1.0,0.4,0.0,0.28,4.0,59.1,88.9,75,Snow fall: Slight
2023-09-21,3,0.7,-3.0,-0.8,0.0,0.0,0.0,0.0,32.7,52.9,72,Overcast
2023-09-22,71,1.5,-3.7,-1.0,0.4,0.0,0.28,3.0,28.1,41.4,95,Snow fall: Slight
2023-09-23,73,3.2,0.1,1.5,1.3,0.6,0.49,8.0,8.7,14.8,55,Snow fall: Moderate
2023-09-24,73,1.8,0.1,1.0,3.1,0.0,2.17,12.0,56.7,84.6,94,Snow fall: Moderate
2023-09-25,53,5.0,1.2,3.1,2.3,2.3,0.0,9.0,48.5,72.7,89,Drizzle: Moderate
2023-09-26,73,3.6,1.9,2.9,12.6,9.3,2.31,22.0,51.1,78.1,84,Snow fall: Moderate
2023-09-27,73,3.7,1.6,2.4,2.4,1.0,0.98,9.0,40.3,60.1,96,Snow fall: Moderate
2023-09-28,73,2.4,-0.7,1.2,0.8,0.1,0.49,5.0,38.7,58.0,89,Snow fall: Moderate
2023-09-29,3,1.9,-1.0,0.2,0.0,0.0,0.0,0.0,33.6,52.2,75,Overcast
2023-09-30,51,4.5,-2.2,1.4,0.9,0.9,0.0,7.0,18.8,28.1,94,Drizzle: Light
2023-10-01,71,3.2,1.1,2.1,0.8,0.4,0.28,6.0,46.8,69.5,89,Snow fall: Slight
2023-10-02,71,1.5,-0.5,0.6,1.4,0.0,0.98,14.0,36.2,58.0,63,Snow fall: Slight
2023-10-03,73,0.5,-1.1,-0.1,3.2,0.1,2.17,18.0,30.1,44.6,87,Snow fall: Moderate
2023-10-04,73,1.6,-1.0,0.4,2.5,0.0,1.75,11.0,32.8,49.7,98,Snow fall: Moderate
2023-10-05,73,0.0,-2.8,-1.3,1.8,0.1,1.19,11.0,37.5,55.8,97,Snow fall: Moderate
2023-10-06,71,-1.7,-4.6,-3.1,0.1,0.0,0.07,1.0,36.4,56.9,100,Snow fall: Slight
2023-10-07,3,-0.6,-5.5,-2.8,0.0,0.0,0.0,0.0,40.6,59.0,211,Overcast
2023-10-08,51,2.6,-0.1,1.4,0.5,0.5,0.0,4.0,53.5,79.2,214,Drizzle: Light
2023-10-09,75,3.5,-1.8,2.2,13.9,6.6,5.11,20.0,54.0,79.6,208,Snow fall: Heavy
2023-10-10,75,-1.4,-4.7,-3.1,24.8,0.4,17.08,19.0,41.2,61.6,288,Snow fall: Heavy
2023-10-11,75,-2.1,-4.9,-3.5,6.3,0.0,4.41,14.0,30.6,45.0,11,Snow fall: Heavy
2023-10-12,73,-2.3,-4.9,-3.7,8.5,0.0,5.95,24.0,57.3,84.2,69,Snow fall: Moderate
2023-10-13,73,-3.7,-11.9,-6.7,4.0,0.0,2.87,14.0,29.4,44.6,0,Snow fall: Moderate
2023-10-14,73,-3.1,-11.7,-6.2,1.3,0.1,0.84,8.0,29.4,42.1,207,Snow fall: Moderate
2023-10-15,73,2.8,-2.0,1.2,4.2,1.2,2.1,20.0,49.0,72.7,209,Snow fall: Moderate
2023-10-16,73,2.5,-4.3,-0.5,2.3,1.5,0.56,13.0,37.7,54.4,224,Snow fall: Moderate
2023-10-17,71,4.8,-2.1,2.0,6.9,6.3,0.42,17.0,35.9,54.0,135,Snow fall: Slight
2023-10-18,51,5.0,2.9,3.9,1.7,1.7,0.0,10.0,56.8,84.6,132,Drizzle: Light
2023-10-19,73,7.3,4.3,5.7,20.8,17.8,2.1,12.0,42.3,70.6,119,Snow fall: Moderate
2023-10-20,75,5.9,3.0,4.3,16.4,10.5,4.13,19.0,52.6,82.1,115,Snow fall: Heavy
2023-10-21,71,3.4,-1.3,0.8,0.1,0.0,0.07,1.0,22.1,32.4,66,Snow fall: Slight
2023-10-22,71,-0.4,-3.2,-1.9,0.3,0.0,0.21,2.0,19.8,29.9,93,Snow fall: Slight
2023-10-23,71,-0.5,-2.5,-1.5,0.1,0.0,0.07,1.0,13.7,19.4,94,Snow fall: Slight
2023-10-24,3,1.0,-5.6,-1.3,0.0,0.0,0.0,0.0,13.4,18.4,189,Overcast
2023-10-25,3,2.7,-3.3,0.6,0.0,0.0,0.0,0.0,17.6,24.8,110,Overcast
2023-10-26,3,1.7,-4.6,-1.3,0.0,0.0,0.0,0.0,27.1,39.2,107,Overcast
2023-10-27,3,0.9,-2.8,-1.3,0.0,0.0,0.0,0.0,21.1,33.1,110,Overcast
2023-10-28,3,-0.7,-3.7,-2.4,0.0,0.0,0.0,0.0,28.6,45.0,107,Overcast
2023-10-29,3,-0.6,-6.6,-3.8,0.0,0.0,0.0,0.0,18.7,28.4,130,Overcast
2023-10-30,0,-1.3,-6.2,-3.2,0.0,0.0,0.0,0.0,15.5,23.4,177,Clear sky
2023-10-31,0,-1.3,-5.7,-3.0,0.0,0.0,0.0,0.0,8.9,10.8,119,Clear sky
2023-11-01,3,-2.5,-7.7,-5.1,0.0,0.0,0.0,0.0,40.7,60.8,101,Overcast
2023-11-02,71,-3.3,-4.6,-4.0,0.7,0.0,0.49,7.0,40.0,61.9,56,Snow fall: Slight
2023-11-03,71,-2.1,-4.3,-3.2,0.4,0.0,0.28,4.0,43.0,63.7,71,Snow fall: Slight
2023-11-04,71,-1.4,-3.1,-2.3,0.2,0.1,0.07,2.0,56.4,83.2,68,Snow fall: Slight
2023-11-05,71,-1.9,-5.0,-3.5,1.3,0.0,0.98,13.0,48.1,73.1,57,Snow fall: Slight
2023-11-06,71,-3.4,-5.1,-4.2,1.2,0.0,0.84,12.0,40.0,59.4,85,Snow fall: Slight
2023-11-07,3,-2.1,-5.1,-4.1,0.0,0.0,0.0,0.0,28.2,42.1,106,Overcast
2023-11-08,71,-2.0,-4.7,-3.2,0.4,0.2,0.14,4.0,45.2,68.0,87,Snow fall: Slight
2023-11-09,71,-1.5,-4.6,-2.9,0.1,0.0,0.07,1.0,49.2,73.4,81,Snow fall: Slight
2023-11-10,3,-1.9,-6.0,-4.2,0.0,0.0,0.0,0.0,20.6,29.2,195,Overcast
2023-11-11,71,-0.5,-5.5,-2.7,0.3,0.0,0.21,3.0,19.9,28.8,173,Snow fall: Slight
2023-11-12,3,-1.3,-6.3,-4.3,0.0,0.0,0.0,0.0,23.0,32.8,98,Overcast
2023-11-13,71,-2.0,-5.1,-3.2,0.2,0.0,0.14,2.0,50.1,73.8,100,Snow fall: Slight
2023-11-14,3,-0.4,-7.1,-3.0,0.0,0.0,0.0,0.0,29.2,49.3,106,Overcast
2023-11-15,71,-2.5,-8.5,-5.2,0.2,0.0,0.14,1.0,14.1,19.1,88,Snow fall: Slight
2023-11-16,73,0.6,-5.6,-2.2,0.6,0.0,0.42,3.0,13.1,17.6,103,Snow fall: Moderate
2023-11-17,71,0.5,-5.0,-2.8,0.3,0.0,0.21,2.0,17.3,23.0,108,Snow fall: Slight
2023-11-18,73,-0.2,-4.0,-2.0,1.7,0.0,1.19,3.0,32.7,48.2,102,Snow fall: Moderate
2023-11-19,3,-2.1,-7.7,-3.8,0.0,0.0,0.0,0.0,24.6,41.8,134,Overcast
2023-11-20,75,2.6,-6.5,-1.1,5.2,0.4,3.36,6.0,61.3,91.8,199,Snow fall: Heavy
2023-11-21,75,4.7,-3.8,1.0,16.8,12.0,3.36,23.0,72.7,108.0,211,Snow fall: Heavy
2023-11-22,73,-3.2,-6.8,-4.7,8.7,0.0,6.09,21.0,57.0,88.6,227,Snow fall: Moderate
2023-11-23,73,-6.5,-12.4,-9.1,1.3,0.0,0.91,8.0,27.9,49.3,282,Snow fall: Moderate
2023-11-24,73,1.8,-11.2,-3.1,0.9,0.0,0.63,4.0,36.1,52.6,188,Snow fall: Moderate
2023-11-25,51,3.8,0.3,2.7,0.3,0.3,0.0,3.0,37.4,54.4,204,Drizzle: Light
2023-11-26,3,4.4,1.8,2.9,0.0,0.0,0.0,0.0,6.1,7.9,95,Overcast
2023-11-27,71,2.2,-1.2,0.2,0.6,0.0,0.42,4.0,7.6,11.5,126,Snow fall: Slight
2023-11-28,75,-0.6,-3.0,-1.7,9.6,0.0,6.72,21.0,17.3,24.8,58,Snow fall: Heavy
2023-11-29,71,-0.8,-5.3,-2.9,0.3,0.0,0.21,3.0,20.5,28.4,89,Snow fall: Slight
2023-11-30,73,-4.1,-7.9,-5.9,3.6,0.0,2.52,11.0,26.6,37.8,60,Snow fall: Moderate
2023-12-01,71,-6.4,-7.6,-6.9,0.5,0.0,0.35,5.0,29.2,42.1,73,Snow fall: Slight
2023-12-02,3,-7.3,-10.6,-8.2,0.0,0.0,0.0,0.0,27.9,40.3,98,Overcast
2023-12-03,3,-7.3,-11.2,-8.4,0.0,0.0,0.0,0.0,28.4,40.7,106,Overcast
2023-12-04,3,-3.2,-10.6,-6.5,0.0,0.0,0.0,0.0,12.8,16.2,106,Overcast
2023-12-05,3,-2.6,-5.2,-3.7,0.0,0.0,0.0,0.0,7.4,10.4,129,Overcast
2023-12-06,1,-4.7,-14.3,-10.0,0.0,0.0,0.0,0.0,26.8,37.4,110,Mainly clear
2023-12-07,71,-6.6,-9.0,-7.7,0.2,0.0,0.21,2.0,44.8,66.2,103,Snow fall: Slight
2023-12-08,3,-2.0,-10.3,-6.7,0.0,0.0,0.0,0.0,32.0,51.1,107,Overcast
2023-12-09,3,-1.8,-12.6,-7.0,0.0,0.0,0.0,0.0,21.9,30.2,103,Overcast
2023-12-10,3,-2.7,-9.5,-6.5,0.0,0.0,0.0,0.0,17.3,23.0,201,Overcast
2023-12-11,73,-3.6,-6.3,-4.8,1.8,0.6,0.84,9.0,28.2,40.3,221,Snow fall: Moderate
2023-12-12,3,-0.8,-11.6,-6.9,0.0,0.0,0.0,0.0,36.4,51.1,194,Overcast
2023-12-13,75,3.9,-0.9,1.6,23.5,5.6,12.53,24.0,70.0,107.6,179,Snow fall: Heavy
2023-12-14,73,0.6,-5.9,-3.7,5.5,0.0,3.85,12.0,63.2,92.2,215,Snow fall: Moderate
2023-12-15,75,0.1,-5.6,-3.7,11.8,0.0,8.33,20.0,69.5,99.0,210,Snow fall: Heavy
2023-12-16,73,-1.8,-6.8,-4.7,4.4,0.1,3.01,17.0,56.2,79.6,212,Snow fall: Moderate
2023-12-17,75,-0.6,-5.1,-2.7,5.1,0.0,3.64,10.0,39.8,61.9,207,Snow fall: Heavy
2023-12-18,73,-3.3,-6.4,-5.2,2.6,0.0,1.82,9.0,41.1,56.9,214,Snow fall: Moderate
2023-12-19,71,-4.6,-11.7,-8.2,1.2,0.0,0.84,9.0,36.5,51.8,235,Snow fall: Slight
2023-12-20,75,-5.8,-11.6,-7.8,8.7,0.0,6.16,20.0,25.2,35.6,213,Snow fall: Heavy
2023-12-21,73,-9.2,-16.2,-13.0,2.5,0.0,1.82,14.0,22.3,37.1,263,Snow fall: Moderate
2023-12-22,71,-10.7,-19.3,-14.3,2.4,0.0,1.68,18.0,37.3,51.8,125,Snow fall: Slight
2023-12-23,71,-10.9,-13.5,-12.5,1.0,0.0,0.7,9.0,43.6,60.8,101,Snow fall: Slight
2023-12-24,73,-6.4,-13.2,-9.0,3.0,0.1,2.03,16.0,20.8,36.0,303,Snow fall: Moderate
2023-12-25,71,-5.7,-8.6,-7.3,0.8,0.0,0.56,5.0,42.3,61.2,82,Snow fall: Slight
2023-12-26,73,-2.7,-10.8,-6.7,5.9,0.1,4.06,15.0,54.4,77.4,165,Snow fall: Moderate
2023-12-27,75,-2.8,-7.4,-5.2,8.4,0.0,5.88,14.0,38.6,59.0,160,Snow fall: Heavy
2023-12-28,71,-7.4,-14.5,-10.0,0.1,0.0,0.07,1.0,36.2,51.1,104,Snow fall: Slight
2023-12-29,3,-5.7,-10.6,-8.6,0.0,0.0,0.0,0.0,31.9,44.3,211,Overcast
2023-12-30,3,-5.2,-12.7,-8.4,0.0,0.0,0.0,0.0,15.0,36.7,183,Overcast
2023-12-31,71,-7.5,-13.7,-10.7,0.5,0.0,0.35,3.0,47.6,64.1,105,Snow fall: Slight
2024-01-01,73,-0.3,-7.2,-2.3,3.2,0.1,2.17,13.0,58.3,81.4,86,Snow fall: Moderate
2024-01-02,71,0.3,-4.1,-2.2,0.3,0.0,0.21,3.0,58.0,80.3,103,Snow fall: Slight
2024-01-03,3,-1.2,-4.8,-2.8,0.0,0.0,0.0,0.0,33.7,47.2,102,Overcast
2024-01-04,51,-4.7,-7.9,-5.6,0.1,0.1,0.0,1.0,35.6,49.3,95,Drizzle: Light
2024-01-05,71,-2.6,-9.6,-4.9,0.5,0.0,0.35,4.0,21.1,29.5,204,Snow fall: Slight
2024-01-06,71,-3.6,-10.1,-6.9,0.1,0.0,0.07,1.0,18.5,25.2,208,Snow fall: Slight
2024-01-07,71,3.4,-6.3,0.9,0.5,0.3,0.14,4.0,50.7,70.9,169,Snow fall: Slight
2024-01-08,73,4.6,2.3,3.4,1.8,1.2,0.42,8.0,44.3,71.6,172,Snow fall: Moderate
2024-01-09,51,2.7,1.0,2.3,0.8,0.8,0.0,8.0,36.0,66.6,172,Drizzle: Light
2024-01-10,3,1.7,-0.4,0.6,0.0,0.0,0.0,0.0,19.4,29.2,122,Overcast
2024-01-11,73,2.9,-0.6,1.6,5.1,2.0,2.17,11.0,42.6,61.9,182,Snow fall: Moderate
2024-01-12,73,2.2,-2.9,-1.1,7.1,0.6,4.55,23.0,35.6,54.4,250,Snow fall: Moderate
2024-01-13,51,-2.6,-7.5,-4.0,0.1,0.1,0.0,1.0,25.2,34.2,149,Drizzle: Light
2024-01-14,3,-7.8,-17.5,-14.3,0.0,0.0,0.0,0.0,24.7,35.3,95,Overcast
2024-01-15,3,-11.5,-14.2,-12.8,0.0,0.0,0.0,0.0,20.9,28.8,87,Overcast
2024-01-16,71,-12.2,-16.5,-14.7,1.6,0.0,1.19,13.0,32.2,46.1,351,Snow fall: Slight
2024-01-17,71,-11.3,-18.9,-15.7,1.3,0.0,0.91,12.0,21.9,41.0,23,Snow fall: Slight
2024-01-18,71,-16.6,-18.5,-17.8,0.2,0.0,0.14,2.0,31.3,43.2,99,Snow fall: Slight
2024-01-19,3,-7.3,-21.1,-15.5,0.0,0.0,0.0,0.0,27.1,37.1,108,Overcast
2024-01-20,73,-2.5,-8.5,-4.5,2.0,0.0,1.4,12.0,40.0,57.6,178,Snow fall: Moderate
2024-01-21,71,-4.5,-11.9,-7.5,0.4,0.1,0.21,4.0,31.0,42.5,210,Snow fall: Slight
2024-01-22,71,-8.3,-14.3,-12.4,0.3,0.0,0.21,3.0,43.6,60.1,197,Snow fall: Slight
2024-01-23,3,-4.0,-9.2,-6.6,0.0,0.0,0.0,0.0,45.2,64.4,185,Overcast
2024-01-24,75,-0.4,-7.3,-2.7,7.5,0.0,5.25,14.0,50.3,70.9,201,Snow fall: Heavy
2024-01-25,75,2.3,-9.0,-1.5,23.8,0.3,16.45,21.0,64.7,100.1,193,Snow fall: Heavy
2024-01-26,75,-6.1,-9.7,-8.4,5.1,0.0,3.57,13.0,52.1,74.5,193,Snow fall: Heavy
2024-01-27,73,-5.4,-8.9,-7.8,2.5,0.0,1.75,16.0,53.3,78.5,202,Snow fall: Moderate
2024-01-28,75,-4.8,-9.5,-6.9,4.4,0.0,3.08,11.0,41.1,55.8,202,Snow fall: Heavy
2024-01-29,75,-1.2,-8.5,-5.6,9.5,0.0,6.65,16.0,58.5,86.8,203,Snow fall: Heavy
2024-01-30,73,-5.7,-9.6,-8.0,5.1,0.0,3.57,18.0,54.5,79.6,204,Snow fall: Moderate
2024-01-31,71,-8.2,-10.9,-9.5,1.2,0.1,0.84,10.0,41.6,60.5,221,Snow fall: Slight
2024-02-01,71,-1.2,-10.9,-4.2,0.5,0.3,0.14,5.0,54.0,76.0,207,Snow fall: Slight
2024-02-02,75,0.9,-10.4,-4.7,9.6,0.0,6.72,20.0,52.8,74.9,216,Snow fall: Heavy
2024-02-03,73,-8.6,-11.5,-10.3,1.1,0.0,0.77,9.0,48.5,69.1,210,Snow fall: Moderate
2024-02-04,71,-9.9,-14.9,-11.6,0.3,0.0,0.21,3.0,28.1,39.6,197,Snow fall: Slight
2024-02-05,3,-9.7,-18.7,-14.4,0.0,0.0,0.0,0.0,36.9,50.8,95,Overcast
2024-02-06,73,-8.7,-16.5,-11.8,7.5,0.0,5.25,23.0,27.1,38.5,271,Snow fall: Moderate
2024-02-07,71,-8.8,-14.9,-10.7,0.3,0.0,0.21,3.0,28.4,39.6,79,Snow fall: Slight
2024-02-08,2,-12.6,-16.1,-14.4,0.0,0.0,0.0,0.0,26.8,37.4,98,Partly cloudy
2024-02-09,3,-12.3,-15.6,-14.0,0.0,0.0,0.0,0.0,25.2,34.2,108,Overcast
2024-02-10,73,-7.4,-13.1,-9.7,1.2,0.0,0.84,7.0,31.5,43.9,107,Snow fall: Moderate
2024-02-11,71,-6.0,-8.2,-7.0,0.6,0.0,0.42,6.0,44.6,62.6,87,Snow fall: Slight
2024-02-12,73,-4.1,-6.1,-5.1,3.4,0.0,2.45,17.0,58.4,83.2,66,Snow fall: Moderate
2024-02-13,71,-5.6,-9.7,-6.6,0.7,0.0,0.49,7.0,30.2,44.3,355,Snow fall: Slight
2024-02-14,3,-3.9,-12.6,-7.4,0.0,0.0,0.0,0.0,41.9,58.0,206,Overcast
2024-02-15,73,-3.7,-6.0,-4.6,0.9,0.0,0.63,5.0,43.0,60.1,215,Snow fall: Moderate
2024-02-16,3,-4.0,-7.7,-5.7,0.0,0.0,0.0,0.0,18.5,24.1,190,Overcast
2024-02-17,75,0.8,-7.9,-2.5,3.6,0.0,2.52,6.0,26.0,36.0,88,Snow fall: Heavy
2024-02-18,73,2.6,0.4,1.3,1.4,0.6,0.56,6.0,19.3,27.4,153,Snow fall: Moderate
2024-02-19,73,0.6,-1.2,-0.2,3.3,0.0,2.31,10.0,23.4,33.1,125,Snow fall: Moderate
2024-02-20,75,-0.2,-3.8,-2.7,5.5,0.0,3.85,7.0,38.8,54.0,212,Snow fall: Heavy
2024-02-21,73,-2.2,-5.9,-4.4,5.0,0.0,3.5,14.0,49.1,69.8,114,Snow fall: Moderate
2024-02-22,75,-4.4,-7.7,-5.8,3.6,0.0,2.52,8.0,17.6,33.8,191,Snow fall: Heavy
2024-02-23,71,-3.5,-7.2,-5.4,0.4,0.1,0.21,4.0,34.9,48.6,64,Snow fall: Slight
2024-02-24,71,-5.8,-11.8,-8.6,0.3,0.0,0.21,3.0,20.5,30.2,20,Snow fall: Slight
2024-02-25,3,-2.9,-15.1,-9.3,0.0,0.0,0.0,0.0,49.1,68.0,209,Overcast
2024-02-26,75,1.7,-2.5,-0.0,13.7,0.0,9.59,22.0,70.8,98.3,196,Snow fall: Heavy
2024-02-27,75,-1.0,-10.1,-4.3,15.2,0.1,10.57,22.0,40.0,56.9,264,Snow fall: Heavy
2024-02-28,71,-7.4,-13.7,-11.0,0.1,0.0,0.07,1.0,19.4,24.1,135,Snow fall: Slight
2024-02-29,3,-9.2,-13.8,-10.2,0.0,0.0,0.0,0.0,28.8,40.0,92,Overcast
2024-03-01,71,-10.8,-13.5,-12.2,0.5,0.0,0.35,5.0,28.4,39.6,66,Snow fall: Slight
2024-03-02,71,-6.2,-15.1,-10.8,0.2,0.0,0.14,2.0,32.0,44.3,101,Snow fall: Slight
2024-03-03,73,-3.9,-12.4,-7.5,1.0,0.0,0.7,4.0,47.3,64.4,108,Snow fall: Moderate
2024-03-04,73,1.5,-3.6,-0.4,3.2,0.5,1.89,14.0,48.3,66.6,126,Snow fall: Moderate
2024-03-05,3,1.9,-4.1,-0.3,0.0,0.0,0.0,0.0,47.5,68.0,104,Overcast
2024-03-06,51,3.1,-2.3,1.7,0.1,0.1,0.0,1.0,30.5,42.1,80,Drizzle: Light
2024-03-07,75,3.8,-2.0,0.9,10.3,1.4,6.23,12.0,27.0,41.0,100,Snow fall: Heavy
2024-03-08,51,4.4,-3.2,1.4,2.1,2.1,0.0,8.0,34.4,51.1,103,Drizzle: Light
2024-03-09,3,0.1,-4.6,-2.2,0.0,0.0,0.0,0.0,9.4,12.6,85,Overcast
2024-03-10,2,-1.4,-7.7,-4.4,0.0,0.0,0.0,0.0,18.7,25.2,105,Partly cloudy
2024-03-11,3,-3.3,-7.7,-5.5,0.0,0.0,0.0,0.0,37.1,50.4,96,Overcast
2024-03-12,75,-0.8,-5.3,-2.6,5.2,0.0,3.64,17.0,42.1,59.0,96,Snow fall: Heavy
2024-03-13,71,-1.2,-5.0,-2.9,0.6,0.0,0.49,6.0,39.6,57.6,65,Snow fall: Slight
2024-03-14,3,-5.4,-10.3,-7.5,0.0,0.0,0.0,0.0,34.8,49.7,86,Overcast
2024-03-15,73,-2.3,-8.5,-5.3,2.7,0.1,1.82,19.0,46.0,64.8,147,Snow fall: Moderate
2024-03-16,73,-0.8,-3.0,-1.6,2.6,0.0,1.82,7.0,46.5,66.6,167,Snow fall: Moderate
2024-03-17,75,-1.6,-3.1,-2.3,10.8,0.0,7.56,21.0,45.4,63.4,91,Snow fall: Heavy
2024-03-18,73,0.2,-2.2,-0.9,4.4,0.1,3.01,13.0,40.7,60.5,96,Snow fall: Moderate
2024-03-19,73,-1.4,-7.3,-4.7,3.1,0.1,2.1,9.0,50.0,72.7,210,Snow fall: Moderate
2024-03-20,75,-0.4,-7.4,-3.7,8.8,0.0,6.16,10.0,50.7,69.1,173,Snow fall: Heavy
2024-03-21,75,0.4,-5.5,-1.8,15.3,0.4,10.43,21.0,64.8,94.7,67,Snow fall: Heavy
2024-03-22,73,-3.4,-5.6,-5.0,3.7,0.0,2.59,22.0,33.4,48.2,340,Snow fall: Moderate
2024-03-23,71,-3.9,-9.6,-6.4,1.4,0.0,0.98,12.0,35.3,50.4,58,Snow fall: Slight
2024-03-24,3,-6.3,-12.5,-9.4,0.0,0.0,0.0,0.0,25.8,35.6,103,Overcast
2024-03-25,3,-8.6,-13.5,-11.4,0.0,0.0,0.0,0.0,29.9,42.1,98,Overcast
2024-03-26,71,-7.7,-13.9,-10.8,0.6,0.0,0.49,5.0,36.3,49.7,103,Snow fall: Slight
2024-03-27,3,-6.6,-11.9,-9.1,0.0,0.0,0.0,0.0,41.6,58.0,82,Overcast
2024-03-28,71,-6.4,-10.6,-8.0,0.8,0.0,0.56,8.0,54.2,76.0,74,Snow fall: Slight
2024-03-29,71,-5.4,-8.1,-6.4,0.8,0.0,0.56,8.0,50.3,69.5,74,Snow fall: Slight
2024-03-30,71,-6.7,-9.0,-8.2,0.4,0.0,0.28,4.0,55.5,78.1,68,Snow fall: Slight
2024-03-31,73,-8.4,-12.0,-10.1,1.6,0.0,1.19,12.0,46.5,64.4,59,Snow fall: Moderate
2024-04-01,71,-11.3,-12.9,-12.0,0.2,0.0,0.14,2.0,54.4,76.0,70,Snow fall: Slight
2024-04-02,71,-6.0,-11.7,-8.9,0.6,0.0,0.42,6.0,49.5,69.5,92,Snow fall: Slight
2024-04-03,3,-5.2,-12.5,-7.8,0.0,0.0,0.0,0.0,12.5,20.5,220,Overcast
2024-04-04,3,-5.2,-9.4,-7.1,0.0,0.0,0.0,0.0,8.2,12.2,125,Overcast
2024-04-05,3,-6.9,-13.1,-9.3,0.0,0.0,0.0,0.0,33.2,47.5,100,Overcast
2024-04-06,71,-8.2,-12.0,-10.3,0.6,0.0,0.42,6.0,63.7,91.8,80,Snow fall: Slight
2024-04-07,71,-5.3,-9.5,-7.1,2.0,0.0,1.47,20.0,60.0,87.1,61,Snow fall: Slight
2024-04-08,71,-3.7,-7.1,-5.7,1.7,0.0,1.19,17.0,40.7,60.5,62,Snow fall: Slight
2024-04-09,73,-2.4,-6.8,-4.4,3.2,0.0,2.24,22.0,40.9,57.2,95,Snow fall: Moderate
2024-04-10,71,-1.5,-6.8,-3.9,0.3,0.0,0.21,2.0,29.5,41.0,101,Snow fall: Slight
2024-04-11,75,-0.4,-3.6,-2.0,8.6,0.5,5.67,22.0,44.0,60.8,95,Snow fall: Heavy
2024-04-12,73,-2.0,-8.1,-4.4,4.6,0.1,3.15,23.0,40.4,55.8,81,Snow fall: Moderate
2024-04-13,71,-8.4,-13.9,-10.2,0.2,0.0,0.14,1.0,29.7,42.1,102,Snow fall: Slight
2024-04-14,3,-2.1,-14.1,-6.9,0.0,0.0,0.0,0.0,36.0,50.0,92,Overcast
2024-04-15,73,-5.7,-9.9,-7.6,3.8,0.1,2.59,16.0,32.3,46.8,311,Snow fall: Moderate
2024-04-16,73,-3.7,-8.2,-6.0,2.2,0.0,1.54,11.0,21.1,31.7,330,Snow fall: Moderate
2024-04-17,73,-0.4,-5.5,-2.7,3.4,0.1,2.31,19.0,20.1,28.8,236,Snow fall: Moderate
2024-04-18,73,-3.3,-6.7,-4.4,3.6,0.2,2.38,21.0,20.5,30.2,274,Snow fall: Moderate
2024-04-19,73,2.1,-9.4,-4.1,1.9,0.0,1.33,9.0,42.5,59.4,184,Snow fall: Moderate
2024-04-20,71,4.9,1.9,3.9,2.8,2.6,0.14,14.0,67.0,95.0,190,Snow fall: Slight
2024-04-21,73,4.7,-2.4,0.1,10.4,9.7,0.49,6.0,66.3,94.7,211,Snow fall: Moderate
2024-04-22,2,4.3,-4.3,1.0,0.0,0.0,0.0,0.0,23.6,36.7,219,Partly cloudy
2024-04-23,2,4.7,0.6,3.7,0.0,0.0,0.0,0.0,12.1,14.8,209,Partly cloudy
2024-04-24,3,3.6,-2.2,1.9,0.0,0.0,0.0,0.0,12.1,15.8,123,Overcast
2024-04-25,3,1.1,-3.6,-0.7,0.0,0.0,0.0,0.0,18.5,26.6,86,Overcast
2024-04-26,3,-0.5,-3.6,-1.8,0.0,0.0,0.0,0.0,22.0,30.2,62,Overcast
2024-04-27,71,-1.1,-5.7,-2.9,0.8,0.1,0.49,8.0,38.1,54.4,68,Snow fall: Slight
2024-04-28,3,0.5,-2.7,-0.7,0.0,0.0,0.0,0.0,38.3,53.6,98,Overcast
2024-04-29,3,0.0,-4.6,-2.1,0.0,0.0,0.0,0.0,27.4,38.9,75,Overcast
2024-04-30,71,-0.8,-4.8,-2.0,0.4,0.0,0.28,4.0,36.9,52.2,76,Snow fall: Slight
2024-05-01,3,1.4,-5.9,-1.6,0.0,0.0,0.0,0.0,21.0,30.2,202,Overcast
2024-05-02,3,2.2,-1.6,0.5,0.0,0.0,0.0,0.0,17.5,25.9,196,Overcast
2024-05-03,51,3.1,0.3,1.8,0.3,0.3,0.0,2.0,8.7,11.2,41,Drizzle: Light
2024-05-04,51,1.7,0.9,1.3,1.8,1.8,0.0,13.0,12.2,16.6,305,Drizzle: Light
2024-05-05,71,2.2,-1.5,0.8,0.3,0.0,0.21,2.0,23.2,33.1,264,Snow fall: Slight
2024-05-06,71,0.5,-2.5,-0.7,0.4,0.0,0.28,4.0,29.2,41.0,181,Snow fall: Slight
2024-05-07,73,0.9,-2.8,-0.2,7.9,0.0,5.53,22.0,42.3,61.2,201,Snow fall: Moderate
2024-05-08,71,0.0,-3.3,-1.6,0.5,0.0,0.35,4.0,37.9,56.5,229,Snow fall: Slight
2024-05-09,3,1.4,-6.4,-2.0,0.0,0.0,0.0,0.0,22.7,32.0,205,Overcast
2024-05-10,51,4.9,0.1,3.0,1.4,1.4,0.0,6.0,5.5,9.0,58,Drizzle: Light
2024-05-11,51,5.5,2.4,3.8,0.5,0.5,0.0,5.0,12.2,16.6,182,Drizzle: Light
2024-05-12,73,4.2,1.5,2.6,6.5,4.0,1.75,12.0,12.8,17.6,67,Snow fall: Moderate
2024-05-13,73,1.6,-2.6,-0.5,5.7,1.6,2.87,15.0,11.9,18.4,8,Snow fall: Moderate
2024-05-14,3,3.5,-3.0,0.6,0.0,0.0,0.0,0.0,17.3,25.2,180,Overcast
2024-05-15,51,3.8,0.6,2.2,0.1,0.1,0.0,1.0,11.3,16.6,206,Drizzle: Light
2024-05-16,53,2.8,0.9,2.0,1.5,1.5,0.0,8.0,22.8,32.0,224,Drizzle: Moderate
2024-05-17,73,1.3,-3.0,-0.4,1.1,0.0,0.77,5.0,42.0,58.7,221,Snow fall: Moderate
2024-05-18,73,-0.5,-3.7,-2.2,1.6,0.0,1.12,11.0,24.5,33.5,312,Snow fall: Moderate
2024-05-19,73,0.4,-3.8,-2.0,9.0,0.0,6.3,16.0,47.5,67.3,92,Snow fall: Moderate
2024-05-20,73,2.4,0.9,1.7,9.8,5.8,2.8,19.0,23.4,33.5,181,Snow fall: Moderate
2024-05-21,3,1.9,-2.1,0.9,0.0,0.0,0.0,0.0,17.7,24.5,220,Overcast
2024-05-22,3,1.7,-2.2,-0.1,0.0,0.0,0.0,0.0,32.0,45.7,207,Overcast
2024-05-23,51,4.2,-2.2,1.1,0.4,0.4,0.0,3.0,32.2,47.2,205,Drizzle: Light
2024-05-24,73,5.6,2.2,4.3,5.5,4.9,0.42,14.0,56.4,82.8,153,Snow fall: Moderate
2024-05-25,53,7.4,3.4,5.4,0.7,0.7,0.0,2.0,52.1,76.7,179,Drizzle: Moderate
2024-05-26,51,7.2,2.1,4.5,0.2,0.2,0.0,2.0,10.6,13.0,143,Drizzle: Light
2024-05-27,51,5.9,2.0,4.8,0.1,0.1,0.0,1.0,12.4,15.8,179,Drizzle: Light
2024-05-28,51,8.0,2.8,5.3,0.7,0.7,0.0,3.0,15.0,21.6,127,Drizzle: Light
2024-05-29,61,5.3,1.1,3.1,4.5,4.5,0.0,9.0,17.3,29.2,271,Rain: Slight
2024-05-30,71,5.8,2.1,4.0,1.0,0.7,0.21,5.0,53.1,79.9,211,Snow fall: Slight
2024-05-31,51,3.8,1.7,3.0,0.4,0.4,0.0,3.0,54.2,79.9,212,Drizzle: Light
2024-06-01,51,5.8,3.2,4.6,0.2,0.2,0.0,2.0,53.1,79.2,211,Drizzle: Light
2024-06-02,73,3.9,-2.3,1.5,2.0,0.0,1.4,11.0,52.8,78.5,226,Snow fall: Moderate
2024-06-03,73,-2.1,-4.1,-3.0,6.7,0.0,4.69,23.0,32.7,50.0,332,Snow fall: Moderate
2024-06-04,75,-2.4,-4.1,-3.2,12.3,0.2,8.47,24.0,43.2,63.7,327,Snow fall: Heavy
2024-06-05,75,-1.1,-3.2,-2.5,11.1,0.1,7.7,24.0,34.9,56.2,317,Snow fall: Heavy
2024-06-06,73,-1.3,-3.2,-2.5,10.9,0.7,7.14,24.0,36.8,54.0,306,Snow fall: Moderate
2024-06-07,73,-0.6,-2.9,-1.6,2.4,0.4,1.4,12.0,25.7,41.0,331,Snow fall: Moderate
2024-06-08,73,1.4,-2.7,-0.9,4.0,0.0,2.8,14.0,23.8,34.6,20,Snow fall: Moderate
2024-06-09,3,3.5,-1.5,1.4,0.0,0.0,0.0,0.0,22.3,32.0,80,Overcast
2024-06-10,3,8.2,-0.3,3.8,0.0,0.0,0.0,0.0,11.2,23.0,39,Overcast
2024-06-11,3,10.0,2.6,6.8,0.0,0.0,0.0,0.0,24.0,36.7,210,Overcast
2024-06-12,3,8.6,1.4,6.2,0.0,0.0,0.0,0.0,11.7,24.8,183,Overcast
2024-06-13,51,10.8,4.0,7.5,1.4,1.4,0.0,8.0,17.1,24.8,284,Drizzle: Light
2024-06-14,51,13.0,5.2,8.5,0.3,0.3,0.0,2.0,19.3,33.8,291,Drizzle: Light
2024-06-15,51,11.6,4.9,8.9,1.6,1.6,0.0,9.0,17.6,31.0,335,Drizzle: Light
2024-06-16,51,8.6,5.6,7.5,1.1,1.1,0.0,9.0,16.9,29.5,310,Drizzle: Light
2024-06-17,51,7.8,2.3,5.7,1.8,1.8,0.0,8.0,18.1,28.8,173,Drizzle: Light
2024-06-18,53,5.9,3.7,4.6,7.5,7.5,0.0,24.0,18.9,27.7,222,Drizzle: Moderate
2024-06-19,75,4.4,1.6,2.9,17.3,8.5,6.16,22.0,28.0,42.1,75,Snow fall: Heavy
2024-06-20,51,5.9,1.5,4.1,0.8,0.8,0.0,5.0,13.2,23.8,214,Drizzle: Light
2024-06-21,51,7.5,4.2,5.8,1.5,1.5,0.0,8.0,38.6,58.7,92,Drizzle: Light
2024-06-22,73,6.4,2.9,4.4,7.3,6.8,0.35,23.0,36.7,55.1,97,Snow fall: Moderate
2024-06-23,51,6.5,2.3,4.6,0.3,0.3,0.0,2.0,46.1,69.1,223,Drizzle: Light
2024-06-24,51,6.7,2.8,4.6,0.6,0.6,0.0,4.0,29.2,44.3,211,Drizzle: Light
2024-06-25,71,6.3,2.1,4.3,1.9,1.8,0.07,13.0,41.6,64.1,213,Snow fall: Slight
2024-06-26,51,8.4,2.9,6.0,0.7,0.7,0.0,7.0,11.5,22.7,216,Drizzle: Light
2024-06-27,61,7.2,1.6,5.4,7.4,7.4,0.0,15.0,22.1,37.1,359,Rain: Slight
2024-06-28,73,2.0,0.0,0.9,1.5,0.6,0.63,11.0,30.4,46.1,331,Snow fall: Moderate
2024-06-29,51,12.2,1.0,6.8,0.2,0.2,0.0,2.0,12.6,20.9,255,Drizzle: Light
2024-06-30,51,14.4,6.4,10.7,0.6,0.6,0.0,2.0,13.3,25.9,180,Drizzle: Light
2024-07-01,53,9.7,4.2,6.7,1.4,1.4,0.0,3.0,36.8,55.1,213,Drizzle: Moderate
2024-07-02,51,9.8,2.8,6.7,0.4,0.4,0.0,3.0,17.1,25.9,184,Drizzle: Light
2024-07-03,53,8.9,5.7,7.1,5.1,5.1,0.0,20.0,34.0,50.8,72,Drizzle: Moderate
2024-07-04,51,6.8,3.5,4.9,0.5,0.5,0.0,4.0,25.2,40.3,59,Drizzle: Light
2024-07-05,53,7.1,2.2,4.2,3.5,3.5,0.0,13.0,25.4,40.0,45,Drizzle: Moderate
2024-07-06,3,7.8,1.1,4.0,0.0,0.0,0.0,0.0,12.7,24.5,355,Overcast
2024-07-07,3,10.8,1.2,6.0,0.0,0.0,0.0,0.0,20.4,36.0,307,Overcast
2024-07-08,3,10.2,4.0,7.4,0.0,0.0,0.0,0.0,16.9,28.4,254,Overcast
2024-07-09,3,10.6,4.8,7.9,0.0,0.0,0.0,0.0,30.5,48.2,211,Overcast
2024-07-10,51,9.5,5.6,7.8,0.7,0.7,0.0,3.0,38.9,57.2,207,Drizzle: Light
2024-07-11,51,10.5,7.0,8.4,1.8,1.8,0.0,11.0,62.2,92.5,206,Drizzle: Light
2024-07-12,51,11.1,7.4,9.5,2.4,2.4,0.0,18.0,50.9,78.5,203,Drizzle: Light
2024-07-13,51,10.0,8.3,9.3,2.1,2.1,0.0,11.0,40.1,61.2,195,Drizzle: Light
2024-07-14,3,13.9,9.0,11.0,0.0,0.0,0.0,0.0,35.5,54.7,192,Overcast
2024-07-15,53,18.5,7.8,14.1,0.7,0.7,0.0,2.0,11.4,24.5,166,Drizzle: Moderate
2024-07-16,3,19.8,11.6,15.2,0.0,0.0,0.0,0.0,25.7,41.8,111,Overcast
2024-07-17,51,12.4,9.5,11.0,0.4,0.4,0.0,4.0,37.6,57.2,92,Drizzle: Light
2024-07-18,55,12.1,7.1,9.3,4.3,4.3,0.0,16.0,37.9,58.3,96,Drizzle: Dense intensity
2024-07-19,71,10.5,4.1,7.3,8.0,7.7,0.21,19.0,8.4,23.0,256,Snow fall: Slight
2024-07-20,73,7.2,4.3,5.7,7.7,7.4,0.21,24.0,18.7,32.0,317,Snow fall: Moderate
2024-07-21,71,4.1,1.3,2.8,6.3,6.2,0.07,24.0,26.1,41.0,289,Snow fall: Slight
2024-07-22,75,6.6,1.3,4.0,15.6,10.0,3.92,21.0,50.2,78.8,242,Snow fall: Heavy
2024-07-23,51,7.8,4.4,6.4,0.8,0.8,0.0,4.0,45.6,69.1,210,Drizzle: Light
2024-07-24,61,10.3,7.0,8.7,5.5,5.5,0.0,18.0,40.8,62.6,196,Rain: Slight
2024-07-25,63,12.5,6.2,9.4,9.7,9.7,0.0,19.0,19.9,38.2,56,Rain: Moderate
2024-07-26,61,8.1,5.5,6.4,14.4,14.4,0.0,23.0,16.0,26.6,307,Rain: Slight
2024-07-27,53,9.9,5.1,7.4,2.3,2.3,0.0,12.0,32.1,48.6,219,Drizzle: Moderate
2024-07-28,61,9.7,6.7,8.1,10.1,10.1,0.0,13.0,29.9,45.4,186,Rain: Slight
2024-07-29,55,9.6,6.2,8.2,5.8,5.8,0.0,12.0,40.4,61.9,179,Drizzle: Dense intensity
2024-07-30,51,9.3,5.6,7.2,1.6,1.6,0.0,7.0,22.6,35.3,214,Drizzle: Light
2024-07-31,53,11.8,5.5,8.6,1.0,1.0,0.0,3.0,4.8,17.6,18,Drizzle: Moderate
2024-08-01,61,9.8,5.8,8.8,6.6,6.6,0.0,17.0,39.8,60.1,95,Rain: Slight
2024-08-02,61,8.8,3.7,6.9,2.9,2.9,0.0,7.0,51.0,76.7,89,Rain: Slight
2024-08-03,3,10.4,3.7,7.3,0.0,0.0,0.0,0.0,49.7,75.6,94,Overcast
2024-08-04,53,10.9,5.0,7.5,0.9,0.9,0.0,4.0,56.5,82.8,88,Drizzle: Moderate
2024-08-05,63,10.2,6.1,7.9,13.8,13.8,0.0,24.0,56.4,85.3,77,Rain: Moderate
2024-08-06,51,10.2,3.2,7.4,0.5,0.5,0.0,3.0,22.5,36.4,88,Drizzle: Light
2024-08-07,51,8.6,5.0,6.5,1.4,1.4,0.0,9.0,11.2,22.7,31,Drizzle: Light
2024-08-08,53,8.6,4.0,6.2,1.6,1.6,0.0,7.0,7.8,19.4,13,Drizzle: Moderate
2024-08-09,51,4.8,3.1,3.9,1.1,1.1,0.0,10.0,13.2,22.7,309,Drizzle: Light
2024-08-10,51,8.1,3.2,5.9,1.2,1.2,0.0,6.0,11.1,19.8,65,Drizzle: Light
2024-08-11,53,9.0,4.7,7.2,3.4,3.4,0.0,11.0,8.7,15.8,180,Drizzle: Moderate
2024-08-12,61,8.9,3.8,6.3,11.2,11.2,0.0,17.0,41.8,62.6,70,Rain: Slight
2024-08-13,53,8.8,3.8,5.7,3.8,3.8,0.0,11.0,25.5,37.8,241,Drizzle: Moderate
2024-08-14,61,9.4,4.3,6.8,5.7,5.7,0.0,10.0,31.1,48.6,177,Rain: Slight
2024-08-15,73,6.6,3.6,5.2,23.1,21.7,0.98,24.0,29.6,44.6,234,Snow fall: Moderate
2024-08-16,71,5.5,2.2,4.0,6.6,6.5,0.07,22.0,23.2,37.4,327,Snow fall: Slight
2024-08-17,75,3.1,0.7,1.8,8.6,1.8,4.76,18.0,20.4,33.1,297,Snow fall: Heavy
2024-08-18,73,1.1,-0.8,0.1,7.7,0.5,5.04,24.0,31.6,50.0,305,Snow fall: Moderate
2024-08-19,71,3.0,-0.8,1.3,0.3,0.2,0.07,3.0,29.6,44.3,46,Snow fall: Slight
2024-08-20,51,5.1,0.7,2.4,0.3,0.3,0.0,3.0,26.1,38.5,52,Drizzle: Light
2024-08-21,73,2.7,0.6,1.6,5.0,0.7,3.01,17.0,45.1,67.7,78,Snow fall: Moderate
2024-08-22,73,3.2,-0.3,1.5,4.5,2.3,1.54,20.0,29.6,46.1,2,Snow fall: Moderate
2024-08-23,75,1.5,-0.7,0.0,8.6,0.3,5.81,23.0,31.4,49.0,318,Snow fall: Heavy
2024-08-24,73,2.9,-0.6,1.0,8.0,3.3,3.29,20.0,21.3,35.6,320,Snow fall: Moderate
2024-08-25,73,2.1,-0.5,0.6,6.9,0.9,4.2,18.0,15.5,24.1,305,Snow fall: Moderate
2024-08-26,3,7.7,0.3,3.9,0.0,0.0,0.0,0.0,11.0,21.6,167,Overcast
2024-08-27,3,7.7,1.3,4.7,0.0,0.0,0.0,0.0,28.8,44.6,96,Overcast
2024-08-28,73,4.2,1.4,3.1,9.5,7.1,1.68,16.0,27.4,41.8,66,Snow fall: Moderate
2024-08-29,73,7.2,0.1,3.6,2.2,0.7,1.05,7.0,24.6,34.9,257,Snow fall: Moderate
2024-08-30,51,8.2,6.4,7.2,0.8,0.8,0.0,6.0,46.2,70.9,193,Drizzle: Light
2024-08-31,61,12.3,8.2,10.8,14.3,14.3,0.0,24.0,55.9,90.7,169,Rain: Slight
2024-09-01,61,11.3,3.6,9.1,15.6,15.6,0.0,18.0,58.4,90.0,173,Rain: Slight
2024-09-02,55,7.1,4.4,5.7,4.3,4.3,0.0,9.0,38.5,58.7,165,Drizzle: Dense intensity
2024-09-03,51,6.7,1.6,4.5,2.1,2.1,0.0,12.0,16.8,28.8,311,Drizzle: Light
2024-09-04,51,12.2,1.1,8.1,0.5,0.5,0.0,4.0,48.8,72.7,193,Drizzle: Light
2024-09-05,55,14.3,3.5,8.2,2.4,2.4,0.0,13.0,71.3,106.6,201,Drizzle: Dense intensity
2024-09-06,51,7.7,2.9,5.5,0.1,0.1,0.0,1.0,67.1,99.0,205,Drizzle: Light
2024-09-07,61,6.7,2.5,5.0,2.8,2.8,0.0,5.0,63.5,98.6,211,Rain: Slight
2024-09-08,73,3.1,-2.7,0.9,3.1,0.3,1.96,10.0,21.2,38.5,257,Snow fall: Moderate
2024-09-09,73,-0.6,-3.4,-2.3,4.5,0.1,3.08,22.0,34.2,52.9,332,Snow fall: Moderate
2024-09-10,75,-1.4,-3.3,-2.6,12.4,0.0,8.68,20.0,38.2,59.8,333,Snow fall: Heavy
2024-09-11,71,0.1,-3.9,-2.0,1.2,0.0,0.84,8.0,25.8,42.8,346,Snow fall: Slight
2024-09-12,71,2.0,-3.3,-0.5,0.3,0.0,0.21,3.0,26.0,41.0,271,Snow fall: Slight
2024-09-13,1,3.6,-3.3,-0.2,0.0,0.0,0.0,0.0,21.9,33.5,102,Mainly clear
2024-09-14,75,-0.4,-2.4,-1.4,7.4,0.2,5.04,14.0,50.0,74.5,88,Snow fall: Heavy
2024-09-15,73,0.1,-3.5,-0.9,1.9,0.0,1.33,13.0,22.7,38.9,30,Snow fall: Moderate
2024-09-16,71,5.8,-4.7,2.3,7.4,7.2,0.14,9.0,32.1,51.8,86,Snow fall: Slight
2024-09-17,63,8.9,3.8,5.9,13.3,13.3,0.0,9.0,47.3,74.2,206,Rain: Moderate
2024-09-18,73,9.6,-1.2,5.7,17.6,16.7,0.63,22.0,36.1,54.4,207,Snow fall: Moderate
2024-09-19,3,4.9,-2.3,1.3,0.0,0.0,0.0,0.0,29.8,46.1,218,Overcast
2024-09-20,3,6.5,-1.6,3.0,0.0,0.0,0.0,0.0,12.0,19.8,114,Overcast
2024-09-21,3,5.3,0.3,3.2,0.0,0.0,0.0,0.0,13.0,23.4,223,Overcast
2024-09-22,3,3.0,-1.9,1.3,0.0,0.0,0.0,0.0,17.5,28.1,84,Overcast
2024-09-23,1,2.8,-3.3,-0.1,0.0,0.0,0.0,0.0,13.6,20.9,128,Mainly clear
2024-09-24,71,1.1,-4.0,-1.0,1.2,0.1,0.77,11.0,23.2,36.0,324,Snow fall: Slight
2024-09-25,71,-0.5,-3.7,-2.1,0.8,0.0,0.56,8.0,28.4,44.3,49,Snow fall: Slight
2024-09-26,71,-0.7,-4.8,-2.0,1.0,0.0,0.7,7.0,9.6,15.8,244,Snow fall: Slight
2024-09-27,71,0.1,-2.6,-1.3,1.1,0.0,0.84,9.0,19.7,31.0,90,Snow fall: Slight
2024-09-28,73,1.0,-2.9,-0.6,2.9,0.0,2.03,15.0,7.5,11.9,82,Snow fall: Moderate
2024-09-29,73,2.1,-3.0,0.1,6.5,0.6,4.2,22.0,13.5,21.2,359,Snow fall: Moderate
2024-09-30,3,-0.5,-3.9,-2.5,0.0,0.0,0.0,0.0,12.1,19.8,6,Overcast
2024-10-01,3,3.7,0.2,2.4,0.0,0.0,0.0,0.0,46.9,69.5,210,Overcast
2024-10-02,73,3.7,2.0,2.7,2.7,1.5,0.84,8.0,34.2,52.2,211,Snow fall: Moderate
2024-10-03,73,1.9,-1.7,-0.2,7.3,0.3,4.9,16.0,44.1,64.8,87,Snow fall: Moderate
2024-10-04,3,-1.9,-4.8,-3.1,0.0,0.0,0.0,0.0,54.2,80.6,91,Overcast
2024-10-05,3,-2.3,-5.0,-3.5,0.0,0.0,0.0,0.0,48.6,73.8,94,Overcast
2024-10-06,71,-1.6,-5.2,-3.2,0.3,0.1,0.14,3.0,51.5,76.0,87,Snow fall: Slight
2024-10-07,3,-2.3,-6.5,-4.2,0.0,0.0,0.0,0.0,40.6,60.1,96,Overcast
2024-10-08,3,-2.2,-7.9,-3.9,0.0,0.0,0.0,0.0,28.6,41.8,102,Overcast
2024-10-09,71,-4.6,-6.6,-5.5,0.2,0.0,0.14,2.0,27.6,42.1,97,Snow fall: Slight
2024-10-10,73,-4.6,-8.1,-6.1,4.3,0.0,3.01,16.0,18.8,29.2,11,Snow fall: Moderate
2024-10-11,3,-6.3,-9.5,-8.1,0.0,0.0,0.0,0.0,16.8,28.4,4,Overcast
2024-10-12,3,-5.8,-12.8,-9.0,0.0,0.0,0.0,0.0,13.7,19.4,204,Overcast
2024-10-13,2,-5.6,-11.9,-8.0,0.0,0.0,0.0,0.0,31.7,46.1,107,Partly cloudy
2024-10-14,3,-2.9,-8.4,-5.2,0.0,0.0,0.0,0.0,33.8,49.3,105,Overcast
2024-10-15,73,2.5,-4.4,0.2,8.8,6.5,1.61,14.0,26.7,39.2,103,Snow fall: Moderate
2024-10-16,71,4.1,-0.4,1.9,1.8,1.7,0.07,7.0,13.4,20.5,255,Snow fall: Slight
2024-10-17,71,2.0,-1.8,0.1,0.2,0.0,0.21,2.0,20.3,31.0,84,Snow fall: Slight
2024-10-18,75,3.7,0.1,1.6,10.4,4.4,4.2,17.0,47.7,70.9,85,Snow fall: Heavy
2024-10-19,75,3.0,0.6,1.6,10.8,1.8,6.3,20.0,58.3,85.0,187,Snow fall: Heavy
2024-10-20,73,1.6,-0.8,0.4,2.3,0.0,1.61,8.0,21.9,37.1,96,Snow fall: Moderate
2024-10-21,75,-0.3,-4.2,-2.2,12.0,0.0,8.4,24.0,14.8,21.2,338,Snow fall: Heavy
2024-10-22,75,-4.3,-8.6,-5.9,6.4,0.0,4.48,10.0,25.2,34.6,111,Snow fall: Heavy
2024-10-23,73,2.4,-4.2,-0.3,3.1,0.5,1.82,12.0,28.0,39.2,105,Snow fall: Moderate
2024-10-24,73,0.9,-10.6,-3.4,4.3,0.0,3.01,13.0,28.3,42.8,284,Snow fall: Moderate
2024-10-25,75,2.4,-11.7,-2.7,10.8,0.0,7.56,11.0,88.3,127.8,188,Snow fall: Heavy
2024-10-26,73,-1.6,-5.0,-2.5,7.3,0.0,5.11,22.0,49.3,68.4,218,Snow fall: Moderate
2024-10-27,71,-5.8,-13.1,-9.1,0.1,0.0,0.07,1.0,18.0,23.8,117,Snow fall: Slight
2024-10-28,75,3.2,-8.0,-0.8,6.9,3.0,2.73,13.0,65.7,96.1,196,Snow fall: Heavy
2024-10-29,73,0.6,-2.4,-0.9,3.1,0.1,2.1,12.0,43.1,64.4,217,Snow fall: Moderate
2024-10-30,73,-1.2,-7.3,-3.0,1.5,0.0,1.05,4.0,46.8,65.2,212,Snow fall: Moderate
2024-10-31,73,-2.3,-12.3,-6.5,3.6,0.0,2.52,9.0,41.4,57.6,238,Snow fall: Moderate
2024-11-01,3,-5.3,-12.9,-8.4,0.0,0.0,0.0,0.0,28.1,38.5,207,Overcast
2024-11-02,71,-0.3,-11.0,-4.0,0.4,0.0,0.28,4.0,16.4,22.3,110,Snow fall: Slight
2024-11-03,63,7.0,-2.8,4.4,11.1,11.1,0.0,17.0,49.4,70.6,181,Rain: Moderate
2024-11-04,53,7.4,4.4,5.9,3.8,3.8,0.0,9.0,42.1,60.8,192,Drizzle: Moderate
2024-11-05,61,7.7,5.7,6.8,7.1,7.1,0.0,23.0,54.1,82.4,164,Rain: Slight
2024-11-06,75,6.5,-2.2,1.0,13.1,6.9,4.34,11.0,57.8,89.6,185,Snow fall: Heavy
2024-11-07,73,7.5,-0.4,4.1,17.1,16.4,0.49,17.0,61.7,93.6,194,Snow fall: Moderate
2024-11-08,3,5.0,-1.6,0.8,0.0,0.0,0.0,0.0,46.4,73.1,196,Overcast
2024-11-09,51,7.6,3.6,5.8,2.3,2.3,0.0,13.0,36.4,61.9,144,Drizzle: Light
2024-11-10,73,6.9,0.6,3.2,8.6,7.1,1.05,16.0,45.3,66.6,208,Snow fall: Moderate
2024-11-11,71,8.7,-0.8,4.2,8.3,8.0,0.21,17.0,68.9,102.2,202,Snow fall: Slight
2024-11-12,73,9.7,0.1,4.2,13.9,11.5,1.68,20.0,75.9,113.8,210,Snow fall: Moderate
2024-11-13,3,4.1,-0.9,0.9,0.0,0.0,0.0,0.0,59.9,91.1,219,Overcast
2024-11-14,75,6.3,-2.1,4.8,12.1,8.3,2.66,20.0,70.7,105.1,211,Snow fall: Heavy
2024-11-15,75,-3.4,-9.5,-7.0,11.4,0.0,7.98,21.0,56.2,86.0,258,Snow fall: Heavy
