Price,Adj Close,Close,High,Low,Open,Volume
Ticker,USDISK=X,USDISK=X,USDISK=X,USDISK=X,USDISK=X,USDISK=X
Date,,,,,,
2021-11-15 00:00:00+00:00,131.1199951171875,131.1199951171875,131.4499969482422,130.89999389648438,131.1300048828125,0
2021-11-16 00:00:00+00:00,132.00999450683594,132.00999450683594,132.44000244140625,131.8000030517578,132.02999877929688,0
2021-11-17 00:00:00+00:00,132.58999633789062,132.58999633789062,132.91000366210938,131.63999938964844,132.6199951171875,0
2021-11-18 00:00:00+00:00,131.7100067138672,131.7100067138672,131.74000549316406,130.52999877929688,131.7100067138672,0
2021-11-19 00:00:00+00:00,130.39999389648438,130.39999389648438,131.38999938964844,130.24000549316406,130.4199981689453,0
2021-11-22 00:00:00+00:00,130.72000122070312,130.72000122070312,131.58999633789062,130.6199951171875,130.6199951171875,0
2021-11-23 00:00:00+00:00,131.35000610351562,131.35000610351562,131.5399932861328,130.6699981689453,131.35000610351562,0
2021-11-24 00:00:00+00:00,130.9600067138672,130.9600067138672,131.42999267578125,130.25999450683594,130.97999572753906,0
2021-11-25 00:00:00+00:00,130.57000732421875,130.57000732421875,131.02999877929688,130.27999877929688,130.5500030517578,0
2021-11-26 00:00:00+00:00,130.83999633789062,130.83999633789062,130.86000061035156,129.5399932861328,130.83999633789062,0
2021-11-29 00:00:00+00:00,129.57000732421875,129.57000732421875,130.25999450683594,129.85000610351562,129.89999389648438,0
2021-11-30 00:00:00+00:00,129.8800048828125,129.8800048828125,130.25999450683594,128.86000061035156,129.86000061035156,0
2021-12-01 00:00:00+00:00,129.27000427246094,129.27000427246094,129.57000732421875,128.7899932861328,129.27999877929688,0
2021-12-02 00:00:00+00:00,129.2100067138672,129.2100067138672,129.50999450683594,128.9600067138672,129.1999969482422,0
2021-12-03 00:00:00+00:00,129.5500030517578,129.5500030517578,129.82000732421875,129.05999755859375,129.5500030517578,0
2021-12-06 00:00:00+00:00,129.27999877929688,129.27999877929688,130.33999633789062,129.42999267578125,129.42999267578125,0
2021-12-07 00:00:00+00:00,130.16000366210938,130.16000366210938,130.9600067138672,129.97999572753906,130.14999389648438,0
2021-12-08 00:00:00+00:00,130.27999877929688,130.27999877929688,130.5,129.7100067138672,130.27999877929688,0
2021-12-09 00:00:00+00:00,129.63999938964844,129.63999938964844,130.6999969482422,129.6300048828125,129.63999938964844,0
2021-12-10 00:00:00+00:00,130.22999572753906,130.22999572753906,130.8800048828125,130.0500030517578,130.22000122070312,0
2021-12-13 00:00:00+00:00,130.1300048828125,130.1300048828125,131.27999877929688,130.1699981689453,130.19000244140625,0
2021-12-14 00:00:00+00:00,130.49000549316406,130.49000549316406,130.6999969482422,129.8699951171875,130.5,0
2021-12-15 00:00:00+00:00,130.27999877929688,130.27999877929688,130.3800048828125,129.8800048828125,130.27999877929688,0
2021-12-16 00:00:00+00:00,129.9199981689453,129.9199981689453,130.0,128.75,129.8800048828125,0
2021-12-17 00:00:00+00:00,128.7100067138672,128.7100067138672,129.6199951171875,128.6300048828125,128.7100067138672,0
2021-12-20 00:00:00+00:00,129.9600067138672,129.9600067138672,130.0,129.38999938964844,129.8699951171875,0
2021-12-21 00:00:00+00:00,129.6999969482422,129.6999969482422,130.57000732421875,129.4199981689453,129.7100067138672,0
2021-12-22 00:00:00+00:00,129.77000427246094,129.77000427246094,130.02999877929688,129.13999938964844,129.75999450683594,0
2021-12-23 00:00:00+00:00,129.30999755859375,129.30999755859375,130.0,129.1300048828125,129.3000030517578,0
2021-12-24 00:00:00+00:00,129.67999267578125,129.67999267578125,129.8800048828125,129.4600067138672,129.6999969482422,0
2021-12-27 00:00:00+00:00,129.75999450683594,129.75999450683594,130.14999389648438,129.5800018310547,129.72000122070312,0
2021-12-28 00:00:00+00:00,129.7899932861328,129.7899932861328,130.25,129.75,129.8000030517578,0
2021-12-29 00:00:00+00:00,130.3000030517578,130.3000030517578,130.44000244140625,129.3699951171875,130.10000610351562,0
2021-12-30 00:00:00+00:00,129.6199951171875,129.6199951171875,130.33999633789062,129.6199951171875,129.6199951171875,0
2021-12-31 00:00:00+00:00,130.07000732421875,130.07000732421875,130.27999877929688,129.41000366210938,130.05999755859375,0
2022-01-03 00:00:00+00:00,129.49000549316406,129.49000549316406,130.5,129.57000732421875,129.5800018310547,0
2022-01-04 00:00:00+00:00,130.3000030517578,130.3000030517578,130.97999572753906,130.07000732421875,130.3000030517578,0
2022-01-05 00:00:00+00:00,130.52000427246094,130.52000427246094,130.58999633789062,128.77000427246094,130.52000427246094,0
2022-01-06 00:00:00+00:00,129.49000549316406,129.49000549316406,129.7899932861328,128.97999572753906,129.49000549316406,0
2022-01-07 00:00:00+00:00,129.32000732421875,129.32000732421875,129.3699951171875,128.42999267578125,129.30999755859375,0
2022-01-10 00:00:00+00:00,128.5,128.5,129.22999572753906,128.41000366210938,128.44000244140625,0
2022-01-11 00:00:00+00:00,128.91000366210938,128.91000366210938,129.6300048828125,128.66000366210938,128.91000366210938,0
2022-01-12 00:00:00+00:00,129.0399932861328,129.0399932861328,129.14999389648438,128.30999755859375,129.02000427246094,0
2022-01-13 00:00:00+00:00,128.1999969482422,128.1999969482422,128.27999877929688,127.77999877929688,128.2100067138672,0
2022-01-14 00:00:00+00:00,128.17999267578125,128.17999267578125,128.35000610351562,127.9000015258789,128.19000244140625,0
2022-01-17 00:00:00+00:00,128.2899932861328,128.2899932861328,128.57000732421875,128.08999633789062,128.41000366210938,0
2022-01-18 00:00:00+00:00,128.1999969482422,128.1999969482422,128.44000244140625,127.80000305175781,128.1999969482422,0
2022-01-19 00:00:00+00:00,128.39999389648438,128.39999389648438,128.52000427246094,127.5,128.39999389648438,0
2022-01-20 00:00:00+00:00,127.69999694824219,127.69999694824219,128.10000610351562,127.41999816894531,127.69999694824219,0
2022-01-21 00:00:00+00:00,128.22999572753906,128.22999572753906,128.36000061035156,127.87999725341797,128.2100067138672,0
2022-01-24 00:00:00+00:00,128.05999755859375,128.05999755859375,128.72000122070312,128.08999633789062,128.17999267578125,0
2022-01-25 00:00:00+00:00,128.27999877929688,128.27999877929688,129.3000030517578,128.27999877929688,128.27999877929688,0
2022-01-26 00:00:00+00:00,128.69000244140625,128.69000244140625,128.94000244140625,128.52999877929688,128.69000244140625,0
2022-01-27 00:00:00+00:00,129.0500030517578,129.0500030517578,130.0800018310547,129.02999877929688,129.0500030517578,0
2022-01-28 00:00:00+00:00,129.4499969482422,129.4499969482422,129.7100067138672,128.38999938964844,129.44000244140625,0
2022-01-31 00:00:00+00:00,128.88999938964844,128.88999938964844,128.9199981689453,127.41000366210938,128.83999633789062,0
2022-02-01 00:00:00+00:00,127.41000366210938,127.41000366210938,127.5199966430664,126.95999908447266,127.41000366210938,0
2022-02-02 00:00:00+00:00,127.08999633789062,127.08999633789062,127.4000015258789,125.88999938964844,127.08999633789062,0
2022-02-03 00:00:00+00:00,126.25,126.25,126.5999984741211,124.23999786376953,126.23999786376953,0
2022-02-04 00:00:00+00:00,124.4000015258789,124.4000015258789,125.01000213623047,124.0,124.41000366210938,0
2022-02-07 00:00:00+00:00,124.5999984741211,124.5999984741211,125.31999969482422,124.52999877929688,124.58000183105469,0
2022-02-08 00:00:00+00:00,124.69000244140625,124.69000244140625,125.18000030517578,124.05000305175781,124.69000244140625,0
2022-02-09 00:00:00+00:00,124.20999908447266,124.20999908447266,124.44999694824219,123.63999938964844,124.22000122070312,0
2022-02-10 00:00:00+00:00,123.8499984741211,123.8499984741211,124.33999633789062,123.08000183105469,123.86000061035156,0
2022-02-11 00:00:00+00:00,123.94000244140625,123.94000244140625,124.41000366210938,123.9000015258789,123.95999908447266,0
2022-02-14 00:00:00+00:00,124.72000122070312,124.72000122070312,125.87999725341797,124.47000122070312,124.51000213623047,0
2022-02-15 00:00:00+00:00,125.30000305175781,125.30000305175781,125.33000183105469,123.73999786376953,125.30000305175781,0
2022-02-16 00:00:00+00:00,123.86000061035156,123.86000061035156,124.33999633789062,123.38999938964844,123.87000274658203,0
2022-02-17 00:00:00+00:00,124.19999694824219,124.19999694824219,124.55000305175781,123.97000122070312,124.22000122070312,0
2022-02-18 00:00:00+00:00,124.11000061035156,124.11000061035156,124.30999755859375,123.56999969482422,124.12999725341797,0
2022-02-21 00:00:00+00:00,124.3499984741211,124.3499984741211,124.70999908447266,123.56999969482422,124.30000305175781,0
2022-02-22 00:00:00+00:00,124.91999816894531,124.91999816894531,125.12999725341797,124.08000183105469,124.9000015258789,0
2022-02-23 00:00:00+00:00,124.33999633789062,124.33999633789062,124.58999633789062,124.0199966430664,124.33000183105469,0
2022-02-24 00:00:00+00:00,124.58000183105469,124.58000183105469,127.45999908447266,124.58999633789062,124.58999633789062,0
2022-02-25 00:00:00+00:00,126.41999816894531,126.41999816894531,126.80000305175781,124.80999755859375,126.41000366210938,0
2022-02-28 00:00:00+00:00,124.95999908447266,124.95999908447266,126.5199966430664,125.01000213623047,125.0199966430664,0
2022-03-01 00:00:00+00:00,126.13999938964844,126.13999938964844,127.80999755859375,125.94000244140625,126.13999938964844,0
2022-03-02 00:00:00+00:00,127.44000244140625,127.44000244140625,129.07000732421875,127.4000015258789,127.45999908447266,0
2022-03-03 00:00:00+00:00,128.57000732421875,128.57000732421875,129.5500030517578,128.5399932861328,128.57000732421875,0
2022-03-04 00:00:00+00:00,129.2899932861328,129.2899932861328,132.0800018310547,129.2899932861328,129.2899932861328,0
2022-03-07 00:00:00+00:00,131.4199981689453,131.4199981689453,134.6300048828125,131.86000061035156,132.10000610351562,0
2022-03-08 00:00:00+00:00,134.0800018310547,134.0800018310547,134.32000732421875,133.27000427246094,134.05999755859375,0
2022-03-09 00:00:00+00:00,133.39999389648438,133.39999389648438,133.39999389648438,130.6999969482422,133.3800048828125,0
2022-03-10 00:00:00+00:00,130.91000366210938,130.91000366210938,132.14999389648438,130.75999450683594,130.91000366210938,0
2022-03-11 00:00:00+00:00,131.8000030517578,131.8000030517578,132.44000244140625,131.0500030517578,131.8300018310547,0
2022-03-14 00:00:00+00:00,132.50999450683594,132.50999450683594,132.6199951171875,131.75999450683594,132.3300018310547,0
2022-03-15 00:00:00+00:00,132.2899932861328,132.2899932861328,132.35000610351562,131.25,132.27000427246094,0
2022-03-16 00:00:00+00:00,131.6199951171875,131.6199951171875,131.77999877929688,129.2899932861328,131.63999938964844,0
2022-03-17 00:00:00+00:00,128.97000122070312,128.97000122070312,129.00999450683594,128.10000610351562,128.94000244140625,0
2022-03-18 00:00:00+00:00,128.66000366210938,128.66000366210938,129.5500030517578,128.6199951171875,128.66000366210938,0
2022-03-21 00:00:00+00:00,128.66000366210938,128.66000366210938,129.0800018310547,128.4499969482422,128.74000549316406,0
2022-03-22 00:00:00+00:00,129.22999572753906,129.22999572753906,129.89999389648438,128.63999938964844,129.24000549316406,0
2022-03-23 00:00:00+00:00,128.72000122070312,128.72000122070312,128.92999267578125,128.1699981689453,128.72000122070312,0
2022-03-24 00:00:00+00:00,128.17999267578125,128.17999267578125,129.14999389648438,128.07000732421875,128.17999267578125,0
2022-03-25 00:00:00+00:00,128.8699951171875,128.8699951171875,129.5500030517578,128.35000610351562,128.8699951171875,0
2022-03-28 00:00:00+00:00,129.5500030517578,129.5500030517578,130.14999389648438,129.36000061035156,129.5500030517578,0
2022-03-29 00:00:00+00:00,129.41000366210938,129.41000366210938,129.67999267578125,126.75,129.4499969482422,0
2022-03-30 00:00:00+00:00,127.37000274658203,127.37000274658203,127.63999938964844,126.58999633789062,127.4000015258789,0
2022-03-31 00:00:00+00:00,126.93000030517578,126.93000030517578,127.80999755859375,126.66999816894531,126.94000244140625,0
2022-04-01 00:00:00+00:00,127.94999694824219,127.94999694824219,128.4499969482422,127.93000030517578,127.94000244140625,0
2022-04-04 00:00:00+00:00,128.27999877929688,128.27999877929688,129.02999877929688,127.91000366210938,128.25,0
2022-04-05 00:00:00+00:00,128.72000122070312,128.72000122070312,129.3000030517578,128.5800018310547,128.72000122070312,0
2022-04-06 00:00:00+00:00,128.8000030517578,128.8000030517578,129.42999267578125,128.58999633789062,128.82000732421875,0
2022-04-07 00:00:00+00:00,128.89999389648438,128.89999389648438,129.27999877929688,128.52999877929688,128.89999389648438,0
2022-04-08 00:00:00+00:00,129.11000061035156,129.11000061035156,129.27999877929688,128.0,129.10000610351562,0
2022-04-11 00:00:00+00:00,128.1300048828125,128.1300048828125,128.3300018310547,127.68000030517578,128.13999938964844,0
2022-04-12 00:00:00+00:00,128.02999877929688,128.02999877929688,128.33999633789062,127.76000213623047,128.0399932861328,0
2022-04-13 00:00:00+00:00,128.64999389648438,128.64999389648438,129.52000427246094,128.41000366210938,128.66000366210938,0
2022-04-14 00:00:00+00:00,128.55999755859375,128.55999755859375,130.19000244140625,128.25,128.55999755859375,0
2022-04-15 00:00:00+00:00,129.4499969482422,129.4499969482422,129.72000122070312,129.4199981689453,129.44000244140625,0
2022-04-18 00:00:00+00:00,129.52000427246094,129.52000427246094,129.8800048828125,129.50999450683594,129.52000427246094,0
2022-04-19 00:00:00+00:00,129.9199981689453,129.9199981689453,130.1699981689453,128.69000244140625,129.94000244140625,0
2022-04-20 00:00:00+00:00,128.85000610351562,128.85000610351562,128.9600067138672,127.62000274658203,128.83999633789062,0
2022-04-21 00:00:00+00:00,127.80999755859375,127.80999755859375,128.11000061035156,126.81999969482422,127.83000183105469,0
2022-04-22 00:00:00+00:00,127.98999786376953,127.98999786376953,129.4600067138672,127.80000305175781,127.98999786376953,0
2022-04-25 00:00:00+00:00,128.4600067138672,128.4600067138672,129.6199951171875,128.4600067138672,128.47000122070312,0
2022-04-26 00:00:00+00:00,129.07000732421875,129.07000732421875,129.61000061035156,128.77000427246094,129.0800018310547,0
2022-04-27 00:00:00+00:00,129.74000549316406,129.74000549316406,131.1300048828125,129.61000061035156,129.72999572753906,0
2022-04-28 00:00:00+00:00,130.25,130.25,131.25999450683594,130.25,130.25,0
2022-04-29 00:00:00+00:00,130.9199981689453,130.9199981689453,130.91000366210938,129.8000030517578,130.8800048828125,0
2022-05-02 00:00:00+00:00,130.49000549316406,130.49000549316406,130.8000030517578,129.9199981689453,130.47000122070312,0
2022-05-03 00:00:00+00:00,130.07000732421875,130.07000732421875,130.75999450683594,129.8000030517578,130.0399932861328,0
2022-05-04 00:00:00+00:00,130.6300048828125,130.6300048828125,130.85000610351562,129.69000244140625,130.6199951171875,0
2022-05-05 00:00:00+00:00,129.4499969482422,129.4499969482422,131.07000732421875,129.1999969482422,129.42999267578125,0
2022-05-06 00:00:00+00:00,130.63999938964844,130.63999938964844,131.30999755859375,129.89999389648438,130.6199951171875,0
2022-05-09 00:00:00+00:00,131.58999633789062,131.58999633789062,132.5,131.5399932861328,131.57000732421875,0
2022-05-10 00:00:00+00:00,131.52999877929688,131.52999877929688,132.13999938964844,131.3000030517578,131.55999755859375,0
2022-05-11 00:00:00+00:00,131.99000549316406,131.99000549316406,132.25999450683594,131.4199981689453,132.00999450683594,0
2022-05-12 00:00:00+00:00,132.2100067138672,132.2100067138672,134.3300018310547,132.0,132.22000122070312,0
2022-05-13 00:00:00+00:00,134.3000030517578,134.3000030517578,135.07000732421875,133.5,134.3000030517578,0
2022-05-16 00:00:00+00:00,133.63999938964844,133.63999938964844,133.77000427246094,132.16000366210938,133.6699981689453,0
2022-05-17 00:00:00+00:00,132.0,132.0,132.1699981689453,131.0500030517578,131.88999938964844,0
2022-05-18 00:00:00+00:00,131.0,131.0,132.47999572753906,130.82000732421875,130.97999572753906,0
2022-05-19 00:00:00+00:00,132.7100067138672,132.7100067138672,132.8000030517578,131.32000732421875,132.67999267578125,0
2022-05-20 00:00:00+00:00,131.57000732421875,131.57000732421875,131.83999633789062,130.5500030517578,131.55999755859375,0
2022-05-23 00:00:00+00:00,130.92999267578125,130.92999267578125,130.9499969482422,129.60000610351562,130.91000366210938,0
2022-05-24 00:00:00+00:00,130.11000061035156,130.11000061035156,130.3699951171875,128.99000549316406,130.0500030517578,0
2022-05-25 00:00:00+00:00,129.11000061035156,129.11000061035156,129.97000122070312,128.92999267578125,129.11000061035156,0
2022-05-26 00:00:00+00:00,128.94000244140625,128.94000244140625,129.02999877929688,128.42999267578125,128.92999267578125,0
2022-05-27 00:00:00+00:00,128.3800048828125,128.3800048828125,128.6699981689453,127.80000305175781,128.36000061035156,0
2022-05-30 00:00:00+00:00,128.02000427246094,128.02000427246094,128.07000732421875,126.47000122070312,128.0399932861328,0
2022-05-31 00:00:00+00:00,126.58999633789062,126.58999633789062,127.31999969482422,126.58000183105469,126.58999633789062,0
2022-06-01 00:00:00+00:00,126.6500015258789,126.6500015258789,128.5399932861328,126.6500015258789,126.69000244140625,0
2022-06-02 00:00:00+00:00,128.24000549316406,128.24000549316406,128.30999755859375,127.38999938964844,128.24000549316406,0
2022-06-03 00:00:00+00:00,127.2300033569336,127.2300033569336,128.80999755859375,127.06999969482422,127.23999786376953,0
2022-06-06 00:00:00+00:00,128.64999389648438,128.64999389648438,129.13999938964844,128.3300018310547,128.64999389648438,0
2022-06-07 00:00:00+00:00,129.05999755859375,129.05999755859375,130.08999633789062,128.9199981689453,129.0800018310547,0
2022-06-08 00:00:00+00:00,129.55999755859375,129.55999755859375,129.85000610351562,128.92999267578125,129.5399932861328,0
2022-06-09 00:00:00+00:00,129.30999755859375,129.30999755859375,129.5800018310547,128.36000061035156,129.3000030517578,0
2022-06-10 00:00:00+00:00,129.3800048828125,129.3800048828125,132.02999877929688,129.08999633789062,129.3800048828125,0
2022-06-13 00:00:00+00:00,131.77000427246094,131.77000427246094,132.72999572753906,131.85000610351562,131.8699951171875,0
2022-06-14 00:00:00+00:00,132.67999267578125,132.67999267578125,132.91000366210938,131.41000366210938,132.67999267578125,0
2022-06-15 00:00:00+00:00,131.6300048828125,131.6300048828125,132.5,130.74000549316406,131.6199951171875,0
2022-06-16 00:00:00+00:00,131.2100067138672,131.2100067138672,132.13999938964844,130.41000366210938,131.11000061035156,0
2022-06-17 00:00:00+00:00,130.27000427246094,130.27000427246094,131.52000427246094,130.1999969482422,130.25,0
2022-06-20 00:00:00+00:00,130.9600067138672,130.9600067138672,131.00999450683594,130.02999877929688,130.97000122070312,0
2022-06-21 00:00:00+00:00,130.60000610351562,130.60000610351562,131.2100067138672,129.8300018310547,130.6199951171875,0
2022-06-22 00:00:00+00:00,131.38999938964844,131.38999938964844,132.13999938964844,130.86000061035156,131.39999389648438,0
2022-06-23 00:00:00+00:00,131.1999969482422,131.1999969482422,133.0399932861328,130.99000549316406,131.19000244140625,0
2022-06-24 00:00:00+00:00,132.5,132.5,132.5800018310547,131.8699951171875,132.47999572753906,0
2022-06-27 00:00:00+00:00,131.92999267578125,131.92999267578125,132.1999969482422,131.33999633789062,131.91000366210938,0
2022-06-28 00:00:00+00:00,131.74000549316406,131.74000549316406,132.61000061035156,131.41000366210938,131.75,0
2022-06-29 00:00:00+00:00,132.64999389648438,132.64999389648438,133.25,132.5,132.6699981689453,0
2022-06-30 00:00:00+00:00,133.24000549316406,133.24000549316406,133.6699981689453,132.08999633789062,133.24000549316406,0
2022-07-01 00:00:00+00:00,132.0800018310547,132.0800018310547,134.0399932861328,131.97000122070312,132.07000732421875,0
2022-07-04 00:00:00+00:00,133.22000122070312,133.22000122070312,133.60000610351562,132.86000061035156,133.22000122070312,0
2022-07-05 00:00:00+00:00,133.41000366210938,133.41000366210938,135.3800048828125,133.2100067138672,133.41000366210938,0
2022-07-06 00:00:00+00:00,134.72000122070312,134.72000122070312,135.9199981689453,134.52999877929688,134.75,0
2022-07-07 00:00:00+00:00,135.30999755859375,135.30999755859375,136.91000366210938,134.80999755859375,135.33999633789062,0
2022-07-08 00:00:00+00:00,136.6999969482422,136.6999969482422,137.89999389648438,136.39999389648438,136.69000244140625,0
2022-07-11 00:00:00+00:00,136.92999267578125,136.92999267578125,138.25999450683594,136.91000366210938,136.9199981689453,0
2022-07-12 00:00:00+00:00,138.14999389648438,138.14999389648438,138.77999877929688,137.00999450683594,138.1699981689453,0
2022-07-13 00:00:00+00:00,137.77000427246094,137.77000427246094,138.11000061035156,136.22000122070312,137.72999572753906,0
2022-07-14 00:00:00+00:00,137.5500030517578,137.5500030517578,139.16000366210938,137.39999389648438,137.5399932861328,0
2022-07-15 00:00:00+00:00,138.4499969482422,138.4499969482422,138.67999267578125,137.27000427246094,138.4499969482422,0
2022-07-18 00:00:00+00:00,137.2899932861328,137.2899932861328,137.47999572753906,135.89999389648438,137.27000427246094,0
2022-07-19 00:00:00+00:00,136.6300048828125,136.6300048828125,136.88999938964844,134.97999572753906,136.5800018310547,0
2022-07-20 00:00:00+00:00,135.66000366210938,135.66000366210938,137.0399932861328,135.16000366210938,135.63999938964844,0
2022-07-21 00:00:00+00:00,136.88999938964844,136.88999938964844,137.22000122070312,135.66000366210938,136.92999267578125,0
2022-07-22 00:00:00+00:00,136.19000244140625,136.19000244140625,137.36000061035156,135.75,136.19000244140625,0
2022-07-25 00:00:00+00:00,136.4499969482422,136.4499969482422,136.6999969482422,135.75,136.47000122070312,0
2022-07-26 00:00:00+00:00,136.14999389648438,136.14999389648438,137.24000549316406,135.80999755859375,136.11000061035156,0
2022-07-27 00:00:00+00:00,137.02999877929688,137.02999877929688,137.1300048828125,136.47999572753906,137.0500030517578,0
2022-07-28 00:00:00+00:00,135.8000030517578,135.8000030517578,136.88999938964844,135.44000244140625,135.7899932861328,0
2022-07-29 00:00:00+00:00,135.58999633789062,135.58999633789062,135.97999572753906,134.7100067138672,135.57000732421875,0
2022-08-01 00:00:00+00:00,135.58999633789062,135.58999633789062,135.55999755859375,134.67999267578125,135.5500030517578,0
2022-08-02 00:00:00+00:00,134.86000061035156,134.86000061035156,136.50999450683594,134.4600067138672,134.82000732421875,0
2022-08-03 00:00:00+00:00,136.8800048828125,136.8800048828125,137.2899932861328,136.16000366210938,136.82000732421875,0
2022-08-04 00:00:00+00:00,136.85000610351562,136.85000610351562,136.8699951171875,135.22999572753906,136.85000610351562,0
2022-08-05 00:00:00+00:00,135.0500030517578,135.0500030517578,137.1199951171875,135.0500030517578,135.0500030517578,0
2022-08-08 00:00:00+00:00,136.8699951171875,136.8699951171875,137.25999450683594,136.30999755859375,136.82000732421875,0
2022-08-09 00:00:00+00:00,137.2899932861328,137.2899932861328,137.39999389648438,136.47000122070312,137.27999877929688,0
2022-08-10 00:00:00+00:00,136.9499969482422,136.9499969482422,137.02000427246094,134.77999877929688,136.9499969482422,0
2022-08-11 00:00:00+00:00,135.72999572753906,135.72999572753906,136.0399932861328,134.5,135.72000122070312,0
2022-08-12 00:00:00+00:00,135.44000244140625,135.44000244140625,136.74000549316406,135.38999938964844,135.44000244140625,0
2022-08-15 00:00:00+00:00,136.52999877929688,136.52999877929688,137.6300048828125,136.35000610351562,136.52999877929688,0
2022-08-16 00:00:00+00:00,137.77000427246094,137.77000427246094,138.3000030517578,137.3300018310547,137.7899932861328,0
2022-08-17 00:00:00+00:00,137.64999389648438,137.64999389648438,137.99000549316406,137.27999877929688,137.6699981689453,0
2022-08-18 00:00:00+00:00,137.75999450683594,137.75999450683594,138.6199951171875,137.5500030517578,137.75999450683594,0
2022-08-19 00:00:00+00:00,138.9499969482422,138.9499969482422,140.11000061035156,138.88999938964844,138.9499969482422,0
2022-08-22 00:00:00+00:00,140.11000061035156,140.11000061035156,140.8800048828125,139.9499969482422,140.10000610351562,0
2022-08-23 00:00:00+00:00,140.64999389648438,140.64999389648438,141.19000244140625,139.55999755859375,140.6699981689453,0
2022-08-24 00:00:00+00:00,140.07000732421875,140.07000732421875,140.77999877929688,139.89999389648438,140.0800018310547,0
2022-08-25 00:00:00+00:00,140.4499969482422,140.4499969482422,140.61000061035156,139.57000732421875,140.47000122070312,0
2022-08-26 00:00:00+00:00,140.33999633789062,140.33999633789062,140.42999267578125,138.97999572753906,140.33999633789062,0
2022-08-29 00:00:00+00:00,141.27999877929688,141.27999877929688,141.69000244140625,140.41000366210938,141.27999877929688,0
2022-08-30 00:00:00+00:00,141.4499969482422,141.4499969482422,142.0399932861328,141.00999450683594,141.4600067138672,0
2022-08-31 00:00:00+00:00,141.0500030517578,141.0500030517578,141.8000030517578,140.3000030517578,141.0800018310547,0
2022-09-01 00:00:00+00:00,140.83999633789062,140.83999633789062,142.3000030517578,140.74000549316406,140.8800048828125,0
2022-09-02 00:00:00+00:00,141.8800048828125,141.8800048828125,142.4499969482422,140.8300018310547,141.89999389648438,0
2022-09-05 00:00:00+00:00,142.0500030517578,142.0500030517578,143.92999267578125,142.0500030517578,142.0500030517578,0
2022-09-06 00:00:00+00:00,142.9199981689453,142.9199981689453,143.24000549316406,142.38999938964844,142.89999389648438,0
2022-09-07 00:00:00+00:00,142.64999389648438,142.64999389648438,142.9600067138672,141.0800018310547,142.63999938964844,0
2022-09-08 00:00:00+00:00,140.4600067138672,140.4600067138672,140.9600067138672,139.60000610351562,140.44000244140625,0
2022-09-09 00:00:00+00:00,139.66000366210938,139.66000366210938,140.08999633789062,138.25999450683594,139.67999267578125,0
2022-09-12 00:00:00+00:00,139.72999572753906,139.72999572753906,139.72999572753906,137.6999969482422,139.72999572753906,0
2022-09-13 00:00:00+00:00,138.41000366210938,138.41000366210938,139.83999633789062,137.22999572753906,138.4199981689453,0
2022-09-14 00:00:00+00:00,139.8800048828125,139.8800048828125,140.1199951171875,138.97999572753906,139.9199981689453,0
2022-09-15 00:00:00+00:00,139.25,139.25,139.60000610351562,138.02999877929688,139.27999877929688,0
2022-09-16 00:00:00+00:00,138.11000061035156,138.11000061035156,139.2899932861328,137.72999572753906,138.11000061035156,0
2022-09-19 00:00:00+00:00,139.0800018310547,139.0800018310547,140.4600067138672,139.00999450683594,139.05999755859375,0
2022-09-20 00:00:00+00:00,140.38999938964844,140.38999938964844,141.17999267578125,140.10000610351562,140.35000610351562,0
2022-09-21 00:00:00+00:00,140.6199951171875,140.6199951171875,141.8800048828125,140.5800018310547,140.61000061035156,0
2022-09-22 00:00:00+00:00,142.42999267578125,142.42999267578125,142.72000122070312,141.22000122070312,142.4199981689453,0
2022-09-23 00:00:00+00:00,142.08999633789062,142.08999633789062,143.8699951171875,141.91000366210938,142.11000061035156,0
2022-09-26 00:00:00+00:00,143.7100067138672,143.7100067138672,144.67999267578125,143.22999572753906,143.74000549316406,0
2022-09-27 00:00:00+00:00,143.83999633789062,143.83999633789062,145.02000427246094,143.16000366210938,143.86000061035156,0
2022-09-28 00:00:00+00:00,145.08999633789062,145.08999633789062,145.92999267578125,144.35000610351562,145.08999633789062,0
2022-09-29 00:00:00+00:00,144.02000427246094,144.02000427246094,145.07000732421875,142.8699951171875,144.02000427246094,0
2022-09-30 00:00:00+00:00,142.42999267578125,142.42999267578125,144.8300018310547,142.1300048828125,142.47000122070312,0
2022-10-03 00:00:00+00:00,144.0,144.0,144.94000244140625,143.41000366210938,143.99000549316406,0
2022-10-04 00:00:00+00:00,144.02000427246094,144.02000427246094,144.39999389648438,141.9199981689453,144.0,0
2022-10-05 00:00:00+00:00,141.8300018310547,141.8300018310547,142.92999267578125,141.6999969482422,141.85000610351562,0
2022-10-06 00:00:00+00:00,141.7100067138672,141.7100067138672,142.2100067138672,140.83999633789062,141.69000244140625,0
2022-10-07 00:00:00+00:00,142.2100067138672,142.2100067138672,144.27999877929688,141.8300018310547,142.1699981689453,0
2022-10-10 00:00:00+00:00,144.02999877929688,144.02999877929688,145.0,143.57000732421875,144.02000427246094,0
2022-10-11 00:00:00+00:00,144.61000061035156,144.61000061035156,145.13999938964844,144.11000061035156,144.5800018310547,0
2022-10-12 00:00:00+00:00,144.97000122070312,144.97000122070312,145.2100067138672,143.7899932861328,144.9600067138672,0
2022-10-13 00:00:00+00:00,144.02000427246094,144.02000427246094,145.47000122070312,143.13999938964844,144.05999755859375,0
2022-10-14 00:00:00+00:00,143.6999969482422,143.6999969482422,144.4600067138672,143.11000061035156,143.74000549316406,0
2022-10-17 00:00:00+00:00,143.9600067138672,143.9600067138672,144.5,143.41000366210938,144.0,0
2022-10-18 00:00:00+00:00,143.0399932861328,143.0399932861328,143.89999389648438,142.72999572753906,143.00999450683594,0
2022-10-19 00:00:00+00:00,143.1699981689453,143.1699981689453,144.25999450683594,143.11000061035156,143.1699981689453,0
2022-10-20 00:00:00+00:00,144.17999267578125,144.17999267578125,144.36000061035156,143.02999877929688,144.1699981689453,0
2022-10-21 00:00:00+00:00,144.0,144.0,145.16000366210938,143.64999389648438,143.9499969482422,0
2022-10-24 00:00:00+00:00,143.83999633789062,143.83999633789062,144.91000366210938,143.77999877929688,143.77999877929688,0
2022-10-25 00:00:00+00:00,143.83999633789062,143.83999633789062,144.75,142.94000244140625,143.8699951171875,0
2022-10-26 00:00:00+00:00,143.13999938964844,143.13999938964844,143.39999389648438,141.8800048828125,143.13999938964844,0
2022-10-27 00:00:00+00:00,141.6999969482422,141.6999969482422,143.2899932861328,141.19000244140625,141.7100067138672,0
2022-10-28 00:00:00+00:00,143.47999572753906,143.47999572753906,144.0,143.02999877929688,143.47000122070312,0
2022-10-31 00:00:00+00:00,143.5,143.5,144.83999633789062,143.49000549316406,143.64999389648438,0
2022-11-01 00:00:00+00:00,144.64999389648438,144.64999389648438,145.2100067138672,143.69000244140625,144.64999389648438,0
2022-11-02 00:00:00+00:00,144.97000122070312,144.97000122070312,145.5399932861328,144.5,144.97000122070312,0
2022-11-03 00:00:00+00:00,146.32000732421875,146.32000732421875,148.52000427246094,145.9600067138672,146.3300018310547,0
2022-11-04 00:00:00+00:00,148.3300018310547,148.3300018310547,148.7899932861328,146.11000061035156,148.36000061035156,0
2022-11-07 00:00:00+00:00,145.80999755859375,145.80999755859375,146.47999572753906,145.16000366210938,146.47999572753906,0
2022-11-08 00:00:00+00:00,145.33999633789062,145.33999633789062,146.2100067138672,144.83999633789062,145.33999633789062,0
2022-11-09 00:00:00+00:00,145.02999877929688,145.02999877929688,146.42999267578125,144.9499969482422,145.0800018310547,0
2022-11-10 00:00:00+00:00,146.3300018310547,146.3300018310547,148.25999450683594,145.08999633789062,146.30999755859375,0
2022-11-11 00:00:00+00:00,145.00999450683594,145.00999450683594,145.3699951171875,143.77999877929688,144.99000549316406,0
2022-11-14 00:00:00+00:00,144.11000061035156,144.11000061035156,146.0,143.94000244140625,143.94000244140625,0
2022-11-15 00:00:00+00:00,145.94000244140625,145.94000244140625,146.02000427246094,142.58999633789062,145.9199981689453,0
2022-11-16 00:00:00+00:00,143.85000610351562,143.85000610351562,144.13999938964844,141.99000549316406,143.83999633789062,0
2022-11-17 00:00:00+00:00,142.9600067138672,142.9600067138672,144.14999389648438,142.7899932861328,142.9499969482422,0
2022-11-18 00:00:00+00:00,143.39999389648438,143.39999389648438,143.8800048828125,142.92999267578125,143.4199981689453,0
2022-11-21 00:00:00+00:00,143.9199981689453,143.9199981689453,145.3000030517578,143.2899932861328,144.0,0
2022-11-22 00:00:00+00:00,143.47999572753906,143.47999572753906,143.50999450683594,141.32000732421875,143.5,0
2022-11-23 00:00:00+00:00,141.58999633789062,141.58999633789062,142.07000732421875,140.99000549316406,141.5500030517578,0
2022-11-24 00:00:00+00:00,140.5399932861328,140.5399932861328,140.85000610351562,140.11000061035156,140.52000427246094,0
2022-11-25 00:00:00+00:00,140.4600067138672,140.4600067138672,141.17999267578125,140.17999267578125,140.4600067138672,0
2022-11-28 00:00:00+00:00,140.5399932861328,140.5399932861328,141.4499969482422,139.47000122070312,140.72999572753906,0
2022-11-29 00:00:00+00:00,141.91000366210938,141.91000366210938,142.16000366210938,141.2100067138672,141.9199981689453,0
2022-11-30 00:00:00+00:00,142.19000244140625,142.19000244140625,143.60000610351562,141.25,142.22999572753906,0
2022-12-01 00:00:00+00:00,143.27999877929688,143.27999877929688,143.27999877929688,140.92999267578125,143.27999877929688,0
2022-12-02 00:00:00+00:00,141.1999969482422,141.1999969482422,142.27999877929688,140.7100067138672,141.1999969482422,0
2022-12-05 00:00:00+00:00,140.8000030517578,140.8000030517578,141.47000122070312,140.25,140.8000030517578,0
2022-12-06 00:00:00+00:00,141.5500030517578,141.5500030517578,141.82000732421875,141.07000732421875,141.5500030517578,0
2022-12-07 00:00:00+00:00,141.9600067138672,141.9600067138672,142.27000427246094,140.8000030517578,141.9499969482422,0
2022-12-08 00:00:00+00:00,141.7100067138672,141.7100067138672,142.0399932861328,141.0399932861328,141.72999572753906,0
2022-12-09 00:00:00+00:00,141.1199951171875,141.1199951171875,141.8800048828125,140.72000122070312,141.14999389648438,0
2022-12-12 00:00:00+00:00,141.6199951171875,141.6199951171875,142.9600067138672,141.3800048828125,141.80999755859375,0
2022-12-13 00:00:00+00:00,142.6699981689453,142.6699981689453,143.1300048828125,141.2899932861328,142.64999389648438,0
2022-12-14 00:00:00+00:00,141.72000122070312,141.72000122070312,141.97000122070312,141.1300048828125,141.60000610351562,0
2022-12-15 00:00:00+00:00,141.0399932861328,141.0399932861328,141.97000122070312,140.14999389648438,141.05999755859375,0
2022-12-16 00:00:00+00:00,141.3800048828125,141.3800048828125,142.47000122070312,140.7899932861328,141.35000610351562,0
2022-12-19 00:00:00+00:00,142.60000610351562,142.60000610351562,143.22999572753906,141.66000366210938,142.49000549316406,0
2022-12-20 00:00:00+00:00,142.4600067138672,142.4600067138672,142.91000366210938,141.8699951171875,142.4499969482422,0
2022-12-21 00:00:00+00:00,142.27999877929688,142.27999877929688,143.4199981689453,142.1300048828125,142.2899932861328,0
2022-12-22 00:00:00+00:00,143.27000427246094,143.27000427246094,144.27000427246094,142.61000061035156,143.27000427246094,0
2022-12-23 00:00:00+00:00,143.3800048828125,143.3800048828125,143.55999755859375,142.9600067138672,143.3800048828125,0
2022-12-26 00:00:00+00:00,143.16000366210938,143.16000366210938,143.27999877929688,142.9199981689453,143.0,0
2022-12-27 00:00:00+00:00,142.82000732421875,142.82000732421875,143.08999633789062,142.27000427246094,142.83999633789062,0
2022-12-28 00:00:00+00:00,142.69000244140625,142.69000244140625,142.83999633789062,142.00999450683594,142.66000366210938,0
2022-12-29 00:00:00+00:00,142.60000610351562,142.60000610351562,143.07000732421875,142.0500030517578,142.63999938964844,0
2022-12-30 00:00:00+00:00,142.1999969482422,142.1999969482422,142.47000122070312,141.1300048828125,142.1699981689453,0
2023-01-02 00:00:00+00:00,141.25,141.25,142.11000061035156,141.19000244140625,141.2899932861328,0
2023-01-03 00:00:00+00:00,141.77999877929688,141.77999877929688,143.89999389648438,141.72999572753906,141.77999877929688,0
2023-01-04 00:00:00+00:00,143.5399932861328,143.5399932861328,143.5500030517578,142.41000366210938,143.5500030517578,0
2023-01-05 00:00:00+00:00,142.72000122070312,142.72000122070312,144.52999877929688,142.41000366210938,142.75999450683594,0
2023-01-06 00:00:00+00:00,144.44000244140625,144.44000244140625,145.38999938964844,143.64999389648438,144.47000122070312,0
2023-01-09 00:00:00+00:00,143.36000061035156,143.36000061035156,144.05999755859375,142.60000610351562,143.19000244140625,0
2023-01-10 00:00:00+00:00,143.66000366210938,143.66000366210938,144.11000061035156,143.41000366210938,143.6699981689453,0
2023-01-11 00:00:00+00:00,143.75999450683594,143.75999450683594,143.92999267578125,142.89999389648438,143.75999450683594,0
2023-01-12 00:00:00+00:00,143.0399932861328,143.0399932861328,143.4600067138672,142.07000732421875,143.02999877929688,0
2023-01-13 00:00:00+00:00,141.7899932861328,141.7899932861328,142.8300018310547,141.69000244140625,141.80999755859375,0
2023-01-16 00:00:00+00:00,142.13999938964844,142.13999938964844,142.6699981689453,141.60000610351562,142.1300048828125,0
2023-01-17 00:00:00+00:00,142.36000061035156,142.36000061035156,142.8699951171875,141.85000610351562,142.38999938964844,0
2023-01-18 00:00:00+00:00,142.88999938964844,142.88999938964844,143.17999267578125,141.66000366210938,142.9199981689453,0
2023-01-19 00:00:00+00:00,142.7899932861328,142.7899932861328,143.0,142.32000732421875,142.8000030517578,0
2023-01-20 00:00:00+00:00,142.32000732421875,142.32000732421875,142.55999755859375,141.9499969482422,142.30999755859375,0
2023-01-23 00:00:00+00:00,142.02999877929688,142.02999877929688,142.39999389648438,141.19000244140625,141.80999755859375,0
2023-01-24 00:00:00+00:00,142.19000244140625,142.19000244140625,143.8800048828125,141.85000610351562,142.17999267578125,0
2023-01-25 00:00:00+00:00,143.44000244140625,143.44000244140625,144.3800048828125,143.13999938964844,143.39999389648438,0
2023-01-26 00:00:00+00:00,143.5399932861328,143.5399932861328,143.92999267578125,143.11000061035156,143.55999755859375,0
2023-01-27 00:00:00+00:00,143.00999450683594,143.00999450683594,143.36000061035156,141.72000122070312,142.97000122070312,0
2023-01-30 00:00:00+00:00,142.3300018310547,142.3300018310547,142.60000610351562,140.11000061035156,142.36000061035156,0
2023-01-31 00:00:00+00:00,140.6300048828125,140.6300048828125,141.22999572753906,140.5,140.6300048828125,0
2023-02-01 00:00:00+00:00,140.85000610351562,140.85000610351562,140.9600067138672,140.2100067138672,140.86000061035156,0
2023-02-02 00:00:00+00:00,139.1199951171875,139.1199951171875,140.6699981689453,138.89999389648438,139.0800018310547,0
2023-02-03 00:00:00+00:00,140.42999267578125,140.42999267578125,141.6999969482422,140.1199951171875,140.42999267578125,0
2023-02-06 00:00:00+00:00,141.89999389648438,141.89999389648438,142.35000610351562,141.49000549316406,142.00999450683594,0
2023-02-07 00:00:00+00:00,142.22000122070312,142.22000122070312,142.6199951171875,141.32000732421875,142.2100067138672,0
2023-02-08 00:00:00+00:00,141.47000122070312,141.47000122070312,141.52999877929688,140.2899932861328,141.44000244140625,0
2023-02-09 00:00:00+00:00,140.88999938964844,140.88999938964844,140.9600067138672,139.74000549316406,140.89999389648438,0
2023-02-10 00:00:00+00:00,140.38999938964844,140.38999938964844,142.4499969482422,140.24000549316406,140.39999389648438,0
2023-02-13 00:00:00+00:00,142.3300018310547,142.3300018310547,143.13999938964844,142.17999267578125,142.41000366210938,0
2023-02-14 00:00:00+00:00,142.39999389648438,142.39999389648438,142.8300018310547,141.72999572753906,142.36000061035156,0
2023-02-15 00:00:00+00:00,142.50999450683594,142.50999450683594,144.0,142.38999938964844,142.50999450683594,0
2023-02-16 00:00:00+00:00,143.66000366210938,143.66000366210938,144.60000610351562,143.22999572753906,143.6300048828125,0
2023-02-17 00:00:00+00:00,144.55999755859375,144.55999755859375,145.02999877929688,143.9600067138672,144.58999633789062,0
2023-02-20 00:00:00+00:00,143.82000732421875,143.82000732421875,144.67999267578125,143.6699981689453,143.97000122070312,0
2023-02-21 00:00:00+00:00,144.52999877929688,144.52999877929688,144.8300018310547,143.9600067138672,144.5399932861328,0
2023-02-22 00:00:00+00:00,144.55999755859375,144.55999755859375,144.9199981689453,143.35000610351562,144.57000732421875,0
2023-02-23 00:00:00+00:00,143.8699951171875,143.8699951171875,144.10000610351562,143.49000549316406,143.83999633789062,0
2023-02-24 00:00:00+00:00,143.75999450683594,143.75999450683594,144.57000732421875,143.57000732421875,143.7899932861328,0
2023-02-27 00:00:00+00:00,144.47999572753906,144.47999572753906,144.6699981689453,143.11000061035156,144.41000366210938,0
2023-02-28 00:00:00+00:00,143.25999450683594,143.25999450683594,143.61000061035156,142.7899932861328,143.25,0
2023-03-01 00:00:00+00:00,143.69000244140625,143.69000244140625,143.83999633789062,141.55999755859375,143.7100067138672,0
2023-03-02 00:00:00+00:00,141.72999572753906,141.72999572753906,142.4600067138672,141.64999389648438,141.74000549316406,0
2023-03-03 00:00:00+00:00,142.25,142.25,142.2899932861328,140.63999938964844,142.25999450683594,0
2023-03-06 00:00:00+00:00,140.64999389648438,140.64999389648438,140.8300018310547,139.69000244140625,140.63999938964844,0
2023-03-07 00:00:00+00:00,139.8000030517578,139.8000030517578,141.39999389648438,139.69000244140625,139.80999755859375,0
2023-03-08 00:00:00+00:00,141.8000030517578,141.8000030517578,142.1199951171875,141.47999572753906,141.8000030517578,0
2023-03-09 00:00:00+00:00,141.7899932861328,141.7899932861328,141.9499969482422,141.3300018310547,141.7899932861328,0
2023-03-10 00:00:00+00:00,141.33999633789062,141.33999633789062,141.5399932861328,140.0,141.33999633789062,0
2023-03-13 00:00:00+00:00,140.97999572753906,140.97999572753906,141.33999633789062,139.97999572753906,140.86000061035156,0
2023-03-14 00:00:00+00:00,140.58999633789062,140.58999633789062,141.1699981689453,139.75999450683594,140.60000610351562,0
2023-03-15 00:00:00+00:00,139.8000030517578,139.8000030517578,142.55999755859375,139.38999938964844,139.82000732421875,0
2023-03-16 00:00:00+00:00,141.52000427246094,141.52000427246094,141.91000366210938,140.6199951171875,141.5500030517578,0
2023-03-17 00:00:00+00:00,140.74000549316406,140.74000549316406,140.77000427246094,139.97999572753906,140.74000549316406,0
2023-03-20 00:00:00+00:00,139.85000610351562,139.85000610351562,140.32000732421875,139.55999755859375,139.61000061035156,0
2023-03-21 00:00:00+00:00,139.74000549316406,139.74000549316406,139.92999267578125,138.83999633789062,139.72999572753906,0
2023-03-22 00:00:00+00:00,139.02000427246094,139.02000427246094,139.1999969482422,138.0,139.02999877929688,0
2023-03-23 00:00:00+00:00,137.61000061035156,137.61000061035156,137.63999938964844,136.8699951171875,137.6199951171875,0
2023-03-24 00:00:00+00:00,138.0500030517578,138.0500030517578,139.75,138.02000427246094,138.05999755859375,0
2023-03-27 00:00:00+00:00,138.97000122070312,138.97000122070312,139.3800048828125,137.94000244140625,139.02999877929688,0
2023-03-28 00:00:00+00:00,137.49000549316406,137.49000549316406,137.50999450683594,135.91000366210938,137.5,0
2023-03-29 00:00:00+00:00,136.52000427246094,136.52000427246094,136.92999267578125,136.19000244140625,136.47000122070312,0
2023-03-30 00:00:00+00:00,136.27000427246094,136.27000427246094,136.5,135.25999450683594,136.2899932861328,0
2023-03-31 00:00:00+00:00,135.52000427246094,135.52000427246094,136.66000366210938,135.25,135.5,0
2023-04-03 00:00:00+00:00,137.5500030517578,137.5500030517578,137.72000122070312,136.49000549316406,137.50999450683594,0
2023-04-04 00:00:00+00:00,136.55999755859375,136.55999755859375,136.88999938964844,135.7899932861328,136.58999633789062,0
2023-04-05 00:00:00+00:00,135.9499969482422,135.9499969482422,137.0,135.80999755859375,135.9499969482422,0
2023-04-06 00:00:00+00:00,136.82000732421875,136.82000732421875,137.22000122070312,136.69000244140625,136.82000732421875,0
2023-04-07 00:00:00+00:00,136.8000030517578,136.8000030517578,137.1300048828125,136.72999572753906,136.77999877929688,0
2023-04-10 00:00:00+00:00,136.8800048828125,136.8800048828125,137.91000366210938,136.8300018310547,136.8699951171875,0
2023-04-11 00:00:00+00:00,137.42999267578125,137.42999267578125,137.4499969482422,136.42999267578125,137.41000366210938,0
2023-04-12 00:00:00+00:00,136.4600067138672,136.4600067138672,136.8000030517578,135.57000732421875,136.47000122070312,0
2023-04-13 00:00:00+00:00,135.83999633789062,135.83999633789062,136.0500030517578,134.4199981689453,135.83999633789062,0
2023-04-14 00:00:00+00:00,134.6199951171875,134.6199951171875,136.0800018310547,134.3300018310547,134.63999938964844,0
2023-04-17 00:00:00+00:00,135.99000549316406,135.99000549316406,136.8800048828125,135.8000030517578,135.97999572753906,0
2023-04-18 00:00:00+00:00,136.72000122070312,136.72000122070312,137.0,135.99000549316406,136.74000549316406,0
2023-04-19 00:00:00+00:00,135.9199981689453,135.9199981689453,136.6300048828125,135.82000732421875,135.89999389648438,0
2023-04-20 00:00:00+00:00,136.2100067138672,136.2100067138672,136.42999267578125,135.75,136.2100067138672,0
2023-04-21 00:00:00+00:00,136.00999450683594,136.00999450683594,136.85000610351562,135.9499969482422,136.02000427246094,0
2023-04-24 00:00:00+00:00,136.25999450683594,136.25999450683594,136.58999633789062,135.77000427246094,136.25999450683594,0
2023-04-25 00:00:00+00:00,135.6300048828125,135.6300048828125,136.22999572753906,135.52000427246094,135.6300048828125,0
2023-04-26 00:00:00+00:00,135.8699951171875,135.8699951171875,135.99000549316406,134.66000366210938,135.8699951171875,0
2023-04-27 00:00:00+00:00,135.4199981689453,135.4199981689453,135.7899932861328,134.92999267578125,135.4199981689453,0
2023-04-28 00:00:00+00:00,134.83999633789062,134.83999633789062,135.6999969482422,134.77000427246094,134.85000610351562,0
2023-05-01 00:00:00+00:00,135.6699981689453,135.6699981689453,136.1999969482422,135.36000061035156,135.66000366210938,0
2023-05-02 00:00:00+00:00,136.17999267578125,136.17999267578125,136.6699981689453,135.72999572753906,136.14999389648438,0
2023-05-03 00:00:00+00:00,136.02999877929688,136.02999877929688,136.0800018310547,135.44000244140625,136.00999450683594,0
2023-05-04 00:00:00+00:00,135.32000732421875,135.32000732421875,136.32000732421875,135.0399932861328,135.3000030517578,0
2023-05-05 00:00:00+00:00,135.91000366210938,135.91000366210938,136.52000427246094,135.57000732421875,135.9199981689453,0
2023-05-08 00:00:00+00:00,135.92999267578125,135.92999267578125,136.91000366210938,135.50999450683594,135.92999267578125,0
2023-05-09 00:00:00+00:00,137.1300048828125,137.1300048828125,137.4199981689453,136.72000122070312,137.1300048828125,0
2023-05-10 00:00:00+00:00,136.97000122070312,136.97000122070312,137.1699981689453,135.9199981689453,136.9600067138672,0
2023-05-11 00:00:00+00:00,136.1699981689453,136.1699981689453,137.27999877929688,135.99000549316406,136.16000366210938,0
2023-05-12 00:00:00+00:00,137.25,137.25,138.35000610351562,136.97000122070312,137.22999572753906,0
2023-05-15 00:00:00+00:00,138.38999938964844,138.38999938964844,138.58999633789062,138.02000427246094,138.36000061035156,0
2023-05-16 00:00:00+00:00,138.49000549316406,138.49000549316406,138.88999938964844,138.08999633789062,138.4600067138672,0
2023-05-17 00:00:00+00:00,138.77000427246094,138.77000427246094,140.30999755859375,138.6699981689453,138.75999450683594,0
2023-05-18 00:00:00+00:00,139.49000549316406,139.49000549316406,140.4499969482422,139.36000061035156,139.49000549316406,0
2023-05-19 00:00:00+00:00,140.30999755859375,140.30999755859375,140.9499969482422,139.47000122070312,140.2899932861328,0
2023-05-22 00:00:00+00:00,139.50999450683594,139.50999450683594,139.83999633789062,139.41000366210938,139.5,0
2023-05-23 00:00:00+00:00,139.64999389648438,139.64999389648438,140.55999755859375,139.5399932861328,139.64999389648438,0
2023-05-24 00:00:00+00:00,140.57000732421875,140.57000732421875,140.60000610351562,139.74000549316406,140.5500030517578,0
2023-05-25 00:00:00+00:00,140.17999267578125,140.17999267578125,140.7100067138672,139.66000366210938,140.25999450683594,0
2023-05-26 00:00:00+00:00,139.6699981689453,139.6699981689453,139.74000549316406,138.66000366210938,139.66000366210938,0
2023-05-29 00:00:00+00:00,138.94000244140625,138.94000244140625,139.1699981689453,138.6699981689453,138.9600067138672,0
2023-05-30 00:00:00+00:00,139.13999938964844,139.13999938964844,139.5800018310547,138.64999389648438,139.14999389648438,0
2023-05-31 00:00:00+00:00,138.82000732421875,138.82000732421875,140.24000549316406,138.77999877929688,138.82000732421875,0
2023-06-01 00:00:00+00:00,139.6999969482422,139.6999969482422,140.11000061035156,139.08999633789062,139.6999969482422,0
2023-06-02 00:00:00+00:00,139.02000427246094,139.02000427246094,140.50999450683594,138.77000427246094,138.99000549316406,0
2023-06-05 00:00:00+00:00,140.75999450683594,140.75999450683594,141.05999755859375,140.4600067138672,140.80999755859375,0
2023-06-06 00:00:00+00:00,140.58999633789062,140.58999633789062,141.3300018310547,140.30999755859375,140.57000732421875,0
2023-06-07 00:00:00+00:00,140.3800048828125,140.3800048828125,140.77000427246094,139.85000610351562,140.3800048828125,0
2023-06-08 00:00:00+00:00,140.0800018310547,140.0800018310547,140.13999938964844,138.36000061035156,140.0800018310547,0
2023-06-09 00:00:00+00:00,138.36000061035156,138.36000061035156,139.42999267578125,138.32000732421875,138.32000732421875,0
2023-06-12 00:00:00+00:00,139.1300048828125,139.1300048828125,139.3699951171875,138.47999572753906,139.19000244140625,0
2023-06-13 00:00:00+00:00,138.61000061035156,138.61000061035156,138.64999389648438,137.4600067138672,138.6199951171875,0
2023-06-14 00:00:00+00:00,137.52000427246094,137.52000427246094,137.7100067138672,136.8800048828125,137.52000427246094,0
2023-06-15 00:00:00+00:00,137.2100067138672,137.2100067138672,137.75999450683594,136.22999572753906,137.22000122070312,0
2023-06-16 00:00:00+00:00,136.11000061035156,136.11000061035156,136.4499969482422,135.88999938964844,136.10000610351562,0
2023-06-19 00:00:00+00:00,136.1699981689453,136.1699981689453,136.57000732421875,136.10000610351562,136.1699981689453,0
2023-06-20 00:00:00+00:00,136.19000244140625,136.19000244140625,136.39999389648438,135.92999267578125,136.1999969482422,0
2023-06-21 00:00:00+00:00,135.8699951171875,135.8699951171875,136.0500030517578,134.6300048828125,135.8699951171875,0
2023-06-22 00:00:00+00:00,134.25,134.25,135.6699981689453,134.1300048828125,134.25,0
2023-06-23 00:00:00+00:00,135.61000061035156,135.61000061035156,137.0,135.5800018310547,135.6199951171875,0
2023-06-26 00:00:00+00:00,136.22999572753906,136.22999572753906,136.4600067138672,136.0500030517578,136.2100067138672,0
2023-06-27 00:00:00+00:00,136.17999267578125,136.17999267578125,136.27000427246094,135.33999633789062,136.17999267578125,0
2023-06-28 00:00:00+00:00,135.41000366210938,135.41000366210938,135.97000122070312,135.16000366210938,135.42999267578125,0
2023-06-29 00:00:00+00:00,135.74000549316406,135.74000549316406,136.97000122070312,135.66000366210938,135.74000549316406,0
2023-06-30 00:00:00+00:00,136.72000122070312,136.72000122070312,137.13999938964844,135.74000549316406,136.6999969482422,0
2023-07-03 00:00:00+00:00,136.02999877929688,136.02999877929688,136.9499969482422,135.88999938964844,136.0500030517578,0
2023-07-04 00:00:00+00:00,136.14999389648438,136.14999389648438,136.7100067138672,136.10000610351562,136.16000366210938,0
2023-07-05 00:00:00+00:00,136.89999389648438,136.89999389648438,137.1699981689453,136.22999572753906,136.86000061035156,0
2023-07-06 00:00:00+00:00,136.50999450683594,136.50999450683594,136.77000427246094,134.5800018310547,136.50999450683594,0
2023-07-07 00:00:00+00:00,134.41000366210938,134.41000366210938,134.75999450683594,133.8000030517578,134.41000366210938,0
2023-07-10 00:00:00+00:00,133.8300018310547,133.8300018310547,134.3000030517578,133.64999389648438,133.82000732421875,0
2023-07-11 00:00:00+00:00,133.35000610351562,133.35000610351562,133.50999450683594,133.08999633789062,133.36000061035156,0
2023-07-12 00:00:00+00:00,133.0800018310547,133.0800018310547,133.10000610351562,131.75,133.10000610351562,0
2023-07-13 00:00:00+00:00,131.60000610351562,131.60000610351562,131.60000610351562,130.89999389648438,131.60000610351562,0
2023-07-14 00:00:00+00:00,130.58999633789062,130.58999633789062,130.8000030517578,130.35000610351562,130.57000732421875,0
2023-07-17 00:00:00+00:00,130.5500030517578,130.5500030517578,130.69000244140625,130.24000549316406,130.5399932861328,0
2023-07-18 00:00:00+00:00,130.25,130.25,130.4499969482422,129.5800018310547,130.25,0
2023-07-19 00:00:00+00:00,130.1699981689453,130.1699981689453,130.8000030517578,130.0399932861328,130.1699981689453,0
2023-07-20 00:00:00+00:00,130.4499969482422,130.4499969482422,131.11000061035156,130.1300048828125,130.4499969482422,0
2023-07-21 00:00:00+00:00,131.10000610351562,131.10000610351562,131.38999938964844,130.97000122070312,131.1300048828125,0
2023-07-24 00:00:00+00:00,131.2100067138672,131.2100067138672,131.8800048828125,130.9600067138672,131.22999572753906,0
2023-07-25 00:00:00+00:00,131.94000244140625,131.94000244140625,132.22000122070312,131.1699981689453,131.91000366210938,0
2023-07-26 00:00:00+00:00,131.19000244140625,131.19000244140625,131.33999633789062,130.8699951171875,131.17999267578125,0
2023-07-27 00:00:00+00:00,131.22000122070312,131.22000122070312,132.14999389648438,130.3000030517578,131.2100067138672,0
2023-07-28 00:00:00+00:00,132.22999572753906,132.22999572753906,132.6300048828125,130.88999938964844,132.22000122070312,0
2023-07-31 00:00:00+00:00,131.13999938964844,131.13999938964844,131.36000061035156,130.35000610351562,131.13999938964844,0
2023-08-01 00:00:00+00:00,130.91000366210938,130.91000366210938,131.44000244140625,130.86000061035156,130.9199981689453,0
2023-08-02 00:00:00+00:00,130.7899932861328,130.7899932861328,132.22000122070312,130.80999755859375,130.82000732421875,0
2023-08-03 00:00:00+00:00,131.9199981689453,131.9199981689453,132.3000030517578,131.7899932861328,131.94000244140625,0
2023-08-04 00:00:00+00:00,131.8300018310547,131.8300018310547,132.1999969482422,131.0800018310547,131.83999633789062,0
2023-08-07 00:00:00+00:00,131.58999633789062,131.58999633789062,132.02000427246094,131.30999755859375,131.55999755859375,0
2023-08-08 00:00:00+00:00,131.57000732421875,131.57000732421875,132.2100067138672,131.4499969482422,131.5800018310547,0
2023-08-09 00:00:00+00:00,131.57000732421875,131.57000732421875,131.58999633789062,131.02000427246094,131.5500030517578,0
2023-08-10 00:00:00+00:00,131.14999389648438,131.14999389648438,131.27000427246094,130.35000610351562,131.16000366210938,0
2023-08-11 00:00:00+00:00,131.27999877929688,131.27999877929688,131.83999633789062,131.0399932861328,131.3000030517578,0
2023-08-14 00:00:00+00:00,131.9199981689453,131.9199981689453,132.32000732421875,131.60000610351562,131.9199981689453,0
2023-08-15 00:00:00+00:00,131.80999755859375,131.80999755859375,131.97999572753906,131.2899932861328,131.80999755859375,0
2023-08-16 00:00:00+00:00,131.85000610351562,131.85000610351562,131.92999267578125,131.49000549316406,131.8800048828125,0
2023-08-17 00:00:00+00:00,132.22000122070312,132.22000122070312,132.3699951171875,131.52000427246094,132.22999572753906,0
2023-08-18 00:00:00+00:00,131.83999633789062,131.83999633789062,132.19000244140625,131.61000061035156,131.83999633789062,0
2023-08-21 00:00:00+00:00,131.8300018310547,131.8300018310547,131.89999389648438,131.3699951171875,131.8300018310547,0
2023-08-22 00:00:00+00:00,131.55999755859375,131.55999755859375,132.24000549316406,131.16000366210938,131.55999755859375,0
2023-08-23 00:00:00+00:00,132.0,132.0,132.38999938964844,131.42999267578125,132.0,0
2023-08-24 00:00:00+00:00,131.39999389648438,131.39999389648438,132.02000427246094,131.27000427246094,131.39999389648438,0
2023-08-25 00:00:00+00:00,132.22000122070312,132.22000122070312,132.6199951171875,131.33999633789062,132.19000244140625,0
2023-08-28 00:00:00+00:00,131.5,131.5,131.49000549316406,131.2100067138672,131.49000549316406,0
2023-08-29 00:00:00+00:00,131.16000366210938,131.16000366210938,131.47999572753906,130.5800018310547,131.13999938964844,0
2023-08-30 00:00:00+00:00,130.44000244140625,130.44000244140625,130.91000366210938,129.89999389648438,130.4199981689453,0
2023-08-31 00:00:00+00:00,130.08999633789062,130.08999633789062,130.9600067138672,129.9499969482422,130.08999633789062,0
2023-09-01 00:00:00+00:00,130.74000549316406,130.74000549316406,132.1999969482422,130.55999755859375,130.74000549316406,0
2023-09-04 00:00:00+00:00,132.32000732421875,132.32000732421875,133.3300018310547,131.91000366210938,132.3300018310547,0
2023-09-05 00:00:00+00:00,133.05999755859375,133.05999755859375,133.9600067138672,132.97000122070312,133.05999755859375,0
2023-09-06 00:00:00+00:00,133.32000732421875,133.32000732421875,134.13999938964844,133.13999938964844,133.3300018310547,0
2023-09-07 00:00:00+00:00,133.8699951171875,133.8699951171875,134.33999633789062,133.7899932861328,133.8699951171875,0
2023-09-08 00:00:00+00:00,134.0399932861328,134.0399932861328,134.02999877929688,133.27000427246094,134.02999877929688,0
2023-09-11 00:00:00+00:00,133.7899932861328,133.7899932861328,133.8800048828125,133.2899932861328,133.8000030517578,0
2023-09-12 00:00:00+00:00,133.39999389648438,133.39999389648438,133.92999267578125,133.2899932861328,133.41000366210938,0
2023-09-13 00:00:00+00:00,133.35000610351562,133.35000610351562,134.1699981689453,133.19000244140625,133.2899932861328,0
2023-09-14 00:00:00+00:00,134.16000366210938,134.16000366210938,136.07000732421875,133.9499969482422,134.1699981689453,0
2023-09-15 00:00:00+00:00,136.3300018310547,136.3300018310547,136.35000610351562,135.6199951171875,136.3300018310547,0
2023-09-18 00:00:00+00:00,135.77999877929688,135.77999877929688,135.8699951171875,135.32000732421875,135.77999877929688,0
2023-09-19 00:00:00+00:00,135.41000366210938,135.41000366210938,135.6199951171875,134.89999389648438,135.38999938964844,0
2023-09-20 00:00:00+00:00,135.52999877929688,135.52999877929688,135.60000610351562,135.27000427246094,135.52999877929688,0
2023-09-21 00:00:00+00:00,135.3000030517578,135.3000030517578,136.6199951171875,135.3000030517578,135.3000030517578,0
2023-09-22 00:00:00+00:00,135.99000549316406,135.99000549316406,136.33999633789062,135.8699951171875,135.97999572753906,0
2023-09-25 00:00:00+00:00,136.16000366210938,136.16000366210938,137.24000549316406,136.07000732421875,136.14999389648438,0
2023-09-26 00:00:00+00:00,136.6699981689453,136.6699981689453,137.0,136.4600067138672,136.6699981689453,0
2023-09-27 00:00:00+00:00,136.99000549316406,136.99000549316406,137.58999633789062,136.8699951171875,136.99000549316406,0
2023-09-28 00:00:00+00:00,137.63999938964844,137.63999938964844,137.80999755859375,136.6699981689453,137.6199951171875,0
2023-09-29 00:00:00+00:00,136.8800048828125,136.8800048828125,137.49000549316406,136.19000244140625,136.8800048828125,0
2023-10-02 00:00:00+00:00,137.52000427246094,137.52000427246094,139.52000427246094,137.25,137.61000061035156,0
2023-10-03 00:00:00+00:00,139.67999267578125,139.67999267578125,139.9499969482422,138.85000610351562,139.7100067138672,0
2023-10-04 00:00:00+00:00,139.05999755859375,139.05999755859375,139.25999450683594,138.0500030517578,139.05999755859375,0
2023-10-05 00:00:00+00:00,138.3699951171875,138.3699951171875,138.44000244140625,137.22000122070312,138.3800048828125,0
2023-10-06 00:00:00+00:00,137.10000610351562,137.10000610351562,137.91000366210938,136.52000427246094,137.07000732421875,0
2023-10-09 00:00:00+00:00,136.75999450683594,136.75999450683594,137.9499969482422,136.75999450683594,136.75999450683594,0
2023-10-10 00:00:00+00:00,137.42999267578125,137.42999267578125,138.07000732421875,137.02000427246094,137.39999389648438,0
2023-10-11 00:00:00+00:00,137.64999389648438,137.64999389648438,138.3699951171875,137.36000061035156,137.66000366210938,0
2023-10-12 00:00:00+00:00,137.60000610351562,137.60000610351562,138.6199951171875,137.39999389648438,137.58999633789062,0
2023-10-13 00:00:00+00:00,138.75,138.75,139.08999633789062,138.4600067138672,138.74000549316406,0
2023-10-16 00:00:00+00:00,138.75999450683594,138.75999450683594,138.8300018310547,138.44000244140625,138.75999450683594,0
2023-10-17 00:00:00+00:00,138.32000732421875,138.32000732421875,138.72999572753906,137.97999572753906,138.3000030517578,0
2023-10-18 00:00:00+00:00,138.27999877929688,138.27999877929688,138.6699981689453,137.99000549316406,138.25999450683594,0
2023-10-19 00:00:00+00:00,138.5399932861328,138.5399932861328,138.66000366210938,137.94000244140625,138.52000427246094,0
2023-10-20 00:00:00+00:00,137.9199981689453,137.9199981689453,138.72999572753906,137.7899932861328,137.89999389648438,0
2023-10-23 00:00:00+00:00,138.4199981689453,138.4199981689453,138.64999389648438,137.74000549316406,138.4199981689453,0
2023-10-24 00:00:00+00:00,137.55999755859375,137.55999755859375,138.69000244140625,137.30999755859375,137.5399932861328,0
2023-10-25 00:00:00+00:00,138.5399932861328,138.5399932861328,139.25,138.38999938964844,138.5399932861328,0
2023-10-26 00:00:00+00:00,139.2899932861328,139.2899932861328,139.8300018310547,139.25999450683594,139.2899932861328,0
2023-10-27 00:00:00+00:00,139.3300018310547,139.3300018310547,139.6999969482422,138.52000427246094,139.30999755859375,0
2023-10-30 00:00:00+00:00,138.9199981689453,138.9199981689453,139.16000366210938,138.14999389648438,139.0399932861328,0
2023-10-31 00:00:00+00:00,138.27999877929688,138.27999877929688,139.2899932861328,137.58999633789062,138.2899932861328,0
2023-11-01 00:00:00+00:00,139.1300048828125,139.1300048828125,140.44000244140625,139.10000610351562,139.13999938964844,0
2023-11-02 00:00:00+00:00,139.2100067138672,139.2100067138672,139.25,138.30999755859375,139.19000244140625,0
2023-11-03 00:00:00+00:00,139.2100067138672,139.2100067138672,139.72999572753906,138.60000610351562,139.2100067138672,0
2023-11-06 00:00:00+00:00,138.66000366210938,138.66000366210938,140.0,138.30999755859375,138.7100067138672,0
2023-11-07 00:00:00+00:00,140.1300048828125,140.1300048828125,140.82000732421875,140.1199951171875,140.1199951171875,0
2023-11-08 00:00:00+00:00,140.39999389648438,140.39999389648438,140.94000244140625,140.32000732421875,140.41000366210938,0
2023-11-09 00:00:00+00:00,140.42999267578125,140.42999267578125,141.0399932861328,140.4199981689453,140.42999267578125,0
2023-11-10 00:00:00+00:00,141.5399932861328,141.5399932861328,142.13999938964844,141.33999633789062,141.5399932861328,0
2023-11-13 00:00:00+00:00,141.85000610351562,141.85000610351562,143.74000549316406,141.7100067138672,141.83999633789062,0
2023-11-14 00:00:00+00:00,143.52000427246094,143.52000427246094,143.58999633789062,141.0,143.50999450683594,0
2023-11-15 00:00:00+00:00,140.80999755859375,140.80999755859375,141.89999389648438,140.74000549316406,140.80999755859375,0
2023-11-16 00:00:00+00:00,141.3000030517578,141.3000030517578,141.6300048828125,140.4199981689453,141.30999755859375,0
2023-11-17 00:00:00+00:00,140.9600067138672,140.9600067138672,141.32000732421875,140.0800018310547,140.94000244140625,0
2023-11-20 00:00:00+00:00,139.75999450683594,139.75999450683594,140.0,138.92999267578125,140.0,0
2023-11-21 00:00:00+00:00,139.02999877929688,139.02999877929688,139.8699951171875,138.77000427246094,139.02000427246094,0
2023-11-22 00:00:00+00:00,139.94000244140625,139.94000244140625,141.38999938964844,139.8800048828125,139.94000244140625,0
2023-11-23 00:00:00+00:00,141.0500030517578,141.0500030517578,141.0500030517578,139.83999633789062,141.0399932861328,0
2023-11-24 00:00:00+00:00,139.92999267578125,139.92999267578125,140.0399932861328,137.0399932861328,139.92999267578125,0
2023-11-27 00:00:00+00:00,137.25,137.25,137.4499969482422,137.02999877929688,137.36000061035156,0
2023-11-28 00:00:00+00:00,137.0399932861328,137.0399932861328,137.72000122070312,136.5399932861328,137.02999877929688,0
2023-11-29 00:00:00+00:00,136.66000366210938,136.66000366210938,137.0800018310547,136.5,136.64999389648438,0
2023-11-30 00:00:00+00:00,136.85000610351562,136.85000610351562,138.0399932861328,136.72999572753906,136.86000061035156,0
2023-12-01 00:00:00+00:00,138.11000061035156,138.11000061035156,139.35000610351562,137.91000366210938,138.11000061035156,0
2023-12-04 00:00:00+00:00,138.52999877929688,138.52999877929688,139.2100067138672,138.3300018310547,138.3300018310547,0
2023-12-05 00:00:00+00:00,138.9499969482422,138.9499969482422,139.36000061035156,138.75,138.94000244140625,0
2023-12-06 00:00:00+00:00,139.13999938964844,139.13999938964844,139.3800048828125,138.6199951171875,139.14999389648438,0
2023-12-07 00:00:00+00:00,139.1300048828125,139.1300048828125,139.24000549316406,138.7100067138672,139.11000061035156,0
2023-12-08 00:00:00+00:00,138.80999755859375,138.80999755859375,139.58999633789062,138.6300048828125,138.7899932861328,0
2023-12-11 00:00:00+00:00,139.33999633789062,139.33999633789062,139.97000122070312,139.2100067138672,139.25999450683594,0
2023-12-12 00:00:00+00:00,139.67999267578125,139.67999267578125,140.02999877929688,139.32000732421875,139.67999267578125,0
2023-12-13 00:00:00+00:00,139.6300048828125,139.6300048828125,139.86000061035156,139.10000610351562,139.63999938964844,0
2023-12-14 00:00:00+00:00,139.1699981689453,139.1699981689453,139.1699981689453,136.47999572753906,139.1699981689453,0
2023-12-15 00:00:00+00:00,136.6199951171875,136.6199951171875,137.75,136.47000122070312,136.61000061035156,0
2023-12-18 00:00:00+00:00,137.8300018310547,137.8300018310547,137.86000061035156,137.39999389648438,137.7899932861328,0
2023-12-19 00:00:00+00:00,137.66000366210938,137.66000366210938,137.7899932861328,136.67999267578125,137.66000366210938,0
2023-12-20 00:00:00+00:00,136.75999450683594,136.75999450683594,137.17999267578125,136.63999938964844,136.77000427246094,0
2023-12-21 00:00:00+00:00,137.0500030517578,137.0500030517578,137.13999938964844,136.3300018310547,137.0500030517578,0
2023-12-22 00:00:00+00:00,136.25999450683594,136.25999450683594,136.47999572753906,135.97000122070312,136.25,0
2023-12-25 00:00:00+00:00,136.3699951171875,136.3699951171875,136.5399932861328,136.25,136.25999450683594,0
2023-12-26 00:00:00+00:00,136.27000427246094,136.27000427246094,136.41000366210938,136.0500030517578,136.3000030517578,0
2023-12-27 00:00:00+00:00,136.0500030517578,136.0500030517578,136.16000366210938,135.1999969482422,136.0500030517578,0
2023-12-28 00:00:00+00:00,135.36000061035156,135.36000061035156,135.44000244140625,134.77999877929688,135.3699951171875,0
2023-12-29 00:00:00+00:00,135.3699951171875,135.3699951171875,135.91000366210938,135.1199951171875,135.36000061035156,0
2024-01-01 00:00:00+00:00,135.6999969482422,135.6999969482422,135.7100067138672,135.6999969482422,135.7100067138672,0
2024-01-02 00:00:00+00:00,135.6999969482422,135.6999969482422,137.42999267578125,135.6199951171875,135.6999969482422,0
2024-01-03 00:00:00+00:00,137.41000366210938,137.41000366210938,137.97000122070312,137.14999389648438,137.4199981689453,0
2024-01-04 00:00:00+00:00,137.6300048828125,137.6300048828125,137.74000549316406,136.88999938964844,137.6300048828125,0
2024-01-05 00:00:00+00:00,137.17999267578125,137.17999267578125,138.0399932861328,136.38999938964844,137.1999969482422,0
2024-01-08 00:00:00+00:00,137.49000549316406,137.49000549316406,137.67999267578125,137.05999755859375,137.3800048828125,0
2024-01-09 00:00:00+00:00,137.3300018310547,137.3300018310547,137.58999633789062,137.02999877929688,137.3300018310547,0
2024-01-10 00:00:00+00:00,137.19000244140625,137.19000244140625,137.3000030517578,136.36000061035156,137.17999267578125,0
2024-01-11 00:00:00+00:00,136.27999877929688,136.27999877929688,136.92999267578125,136.11000061035156,136.2899932861328,0
2024-01-12 00:00:00+00:00,136.38999938964844,136.38999938964844,137.1300048828125,136.2899932861328,136.3699951171875,0
2024-01-15 00:00:00+00:00,136.4199981689453,136.4199981689453,136.6199951171875,135.8800048828125,136.4499969482422,0
2024-01-16 00:00:00+00:00,136.0399932861328,136.0399932861328,137.25999450683594,135.94000244140625,136.0399932861328,0
2024-01-17 00:00:00+00:00,136.9499969482422,136.9499969482422,137.55999755859375,136.8699951171875,136.94000244140625,0
2024-01-18 00:00:00+00:00,137.0500030517578,137.0500030517578,137.52999877929688,136.77999877929688,137.0399932861328,0
2024-01-19 00:00:00+00:00,137.1199951171875,137.1199951171875,137.25999450683594,135.9499969482422,137.11000061035156,0
2024-01-22 00:00:00+00:00,136.35000610351562,136.35000610351562,136.47999572753906,135.52000427246094,135.58999633789062,0
2024-01-23 00:00:00+00:00,136.22000122070312,136.22000122070312,136.74000549316406,135.75,136.22999572753906,0
2024-01-24 00:00:00+00:00,136.27999877929688,136.27999877929688,136.36000061035156,134.99000549316406,136.2899932861328,0
2024-01-25 00:00:00+00:00,135.6300048828125,135.6300048828125,136.5,135.38999938964844,135.63999938964844,0
2024-01-26 00:00:00+00:00,136.25,136.25,136.6699981689453,135.8699951171875,136.25999450683594,0
2024-01-29 00:00:00+00:00,136.52999877929688,136.52999877929688,137.24000549316406,136.57000732421875,136.64999389648438,0
2024-01-30 00:00:00+00:00,136.77000427246094,136.77000427246094,137.0500030517578,136.30999755859375,136.77000427246094,0
2024-01-31 00:00:00+00:00,136.47000122070312,136.47000122070312,136.9199981689453,135.9199981689453,136.4600067138672,0
2024-02-01 00:00:00+00:00,136.97000122070312,136.97000122070312,137.27000427246094,136.0,136.97000122070312,0
2024-02-02 00:00:00+00:00,135.89999389648438,135.89999389648438,137.24000549316406,135.61000061035156,135.8800048828125,0
2024-02-05 00:00:00+00:00,137.17999267578125,137.17999267578125,137.80999755859375,137.05999755859375,137.07000732421875,0
2024-02-06 00:00:00+00:00,137.58999633789062,137.58999633789062,137.80999755859375,137.30999755859375,137.57000732421875,0
2024-02-07 00:00:00+00:00,137.38999938964844,137.38999938964844,137.5800018310547,137.17999267578125,137.3800048828125,0
2024-02-08 00:00:00+00:00,137.33999633789062,137.33999633789062,138.8800048828125,137.1699981689453,137.33999633789062,0
2024-02-09 00:00:00+00:00,137.67999267578125,137.67999267578125,137.8300018310547,136.6199951171875,137.6699981689453,0
2024-02-12 00:00:00+00:00,137.25,137.25,137.57000732421875,136.94000244140625,137.02999877929688,0
2024-02-13 00:00:00+00:00,137.3800048828125,137.3800048828125,138.66000366210938,137.3000030517578,137.3800048828125,0
2024-02-14 00:00:00+00:00,138.55999755859375,138.55999755859375,138.91000366210938,138.22999572753906,138.55999755859375,0
2024-02-15 00:00:00+00:00,138.25999450683594,138.25999450683594,138.35000610351562,137.58999633789062,138.25,0
2024-02-16 00:00:00+00:00,137.9199981689453,137.9199981689453,138.47999572753906,137.6999969482422,137.94000244140625,0
2024-02-19 00:00:00+00:00,137.6999969482422,137.6999969482422,137.8699951171875,137.52999877929688,137.52999877929688,0
2024-02-20 00:00:00+00:00,137.7100067138672,137.7100067138672,137.89999389648438,136.7100067138672,137.6999969482422,0
2024-02-21 00:00:00+00:00,137.10000610351562,137.10000610351562,137.55999755859375,136.89999389648438,137.0,0
2024-02-22 00:00:00+00:00,137.32000732421875,137.32000732421875,137.52000427246094,136.47999572753906,137.30999755859375,0
2024-02-23 00:00:00+00:00,137.08999633789062,137.08999633789062,137.58999633789062,136.5,137.08999633789062,0
2024-02-26 00:00:00+00:00,137.5,137.5,137.72000122070312,136.8699951171875,137.52000427246094,0
2024-02-27 00:00:00+00:00,137.67999267578125,137.67999267578125,137.72999572753906,137.13999938964844,137.67999267578125,0
2024-02-28 00:00:00+00:00,137.41000366210938,137.41000366210938,137.97999572753906,137.36000061035156,137.4199981689453,0
2024-02-29 00:00:00+00:00,137.4499969482422,137.4499969482422,138.07000732421875,137.22999572753906,137.42999267578125,0
2024-03-01 00:00:00+00:00,138.0800018310547,138.0800018310547,138.14999389648438,137.58999633789062,138.0500030517578,0
2024-03-04 00:00:00+00:00,137.8000030517578,137.8000030517578,137.63999938964844,137.27999877929688,137.5800018310547,0
2024-03-05 00:00:00+00:00,137.42999267578125,137.42999267578125,137.58999633789062,136.82000732421875,137.44000244140625,0
2024-03-06 00:00:00+00:00,137.05999755859375,137.05999755859375,137.22999572753906,136.1300048828125,137.0500030517578,0
2024-03-07 00:00:00+00:00,136.3300018310547,136.3300018310547,136.4600067138672,135.60000610351562,136.32000732421875,0
2024-03-08 00:00:00+00:00,135.5,135.5,136.27000427246094,135.4199981689453,135.49000549316406,0
2024-03-11 00:00:00+00:00,136.0,136.0,136.1199951171875,135.72000122070312,135.77999877929688,0
2024-03-12 00:00:00+00:00,135.9199981689453,135.9199981689453,136.10000610351562,135.6199951171875,135.92999267578125,0
2024-03-13 00:00:00+00:00,135.60000610351562,135.60000610351562,135.74000549316406,135.36000061035156,135.60000610351562,0
2024-03-14 00:00:00+00:00,134.77000427246094,134.77000427246094,136.14999389648438,134.75999450683594,134.75999450683594,0
2024-03-15 00:00:00+00:00,136.14999389648438,136.14999389648438,136.69000244140625,135.94000244140625,136.14999389648438,0
2024-03-18 00:00:00+00:00,136.30999755859375,136.30999755859375,136.49000549316406,136.11000061035156,136.3000030517578,0
2024-03-19 00:00:00+00:00,136.64999389648438,136.64999389648438,137.1300048828125,136.60000610351562,136.64999389648438,0
2024-03-20 00:00:00+00:00,136.77000427246094,136.77000427246094,137.11000061035156,136.5,136.8000030517578,0
2024-03-21 00:00:00+00:00,135.47999572753906,135.47999572753906,136.58999633789062,135.41000366210938,135.47999572753906,0
2024-03-22 00:00:00+00:00,136.41000366210938,136.41000366210938,137.42999267578125,136.33999633789062,136.4199981689453,0
2024-03-25 00:00:00+00:00,137.49000549316406,137.49000549316406,137.60000610351562,137.22000122070312,137.52999877929688,0
2024-03-26 00:00:00+00:00,137.27999877929688,137.27999877929688,137.8000030517578,137.0500030517578,137.27999877929688,0
2024-03-27 00:00:00+00:00,137.72000122070312,137.72000122070312,138.63999938964844,137.6199951171875,137.72000122070312,0
2024-03-28 00:00:00+00:00,138.6999969482422,138.6999969482422,139.19000244140625,138.52999877929688,138.6999969482422,0
2024-03-29 00:00:00+00:00,138.97999572753906,138.97999572753906,139.2899932861328,138.80999755859375,138.99000549316406,0
2024-04-01 00:00:00+00:00,138.9600067138672,138.9600067138672,139.75,138.89999389648438,138.97000122070312,0
2024-04-02 00:00:00+00:00,139.69000244140625,139.69000244140625,139.83999633789062,138.77999877929688,139.69000244140625,0
2024-04-03 00:00:00+00:00,139.2899932861328,139.2899932861328,139.33999633789062,138.47999572753906,139.2899932861328,0
2024-04-04 00:00:00+00:00,138.3800048828125,138.3800048828125,138.4199981689453,138.05999755859375,138.36000061035156,0
2024-04-05 00:00:00+00:00,138.58999633789062,138.58999633789062,138.97999572753906,138.27000427246094,138.60000610351562,0
2024-04-08 00:00:00+00:00,138.47000122070312,138.47000122070312,138.60000610351562,138.16000366210938,138.49000549316406,0
2024-04-09 00:00:00+00:00,138.0800018310547,138.0800018310547,138.55999755859375,137.77999877929688,138.07000732421875,0
2024-04-10 00:00:00+00:00,138.47999572753906,138.47999572753906,139.72999572753906,138.38999938964844,138.49000549316406,0
2024-04-11 00:00:00+00:00,139.6300048828125,139.6300048828125,140.3699951171875,139.44000244140625,139.63999938964844,0
2024-04-12 00:00:00+00:00,140.00999450683594,140.00999450683594,141.3800048828125,139.99000549316406,140.02000427246094,0
2024-04-15 00:00:00+00:00,141.24000549316406,141.24000549316406,141.44000244140625,141.0,141.25999450683594,0
2024-04-16 00:00:00+00:00,141.33999633789062,141.33999633789062,141.63999938964844,141.1699981689453,141.35000610351562,0
2024-04-17 00:00:00+00:00,141.72999572753906,141.72999572753906,141.77999877929688,140.8800048828125,141.72999572753906,0
2024-04-18 00:00:00+00:00,141.22999572753906,141.22999572753906,140.86000061035156,140.3000030517578,140.57000732421875,0
2024-04-19 00:00:00+00:00,140.9199981689453,140.9199981689453,141.35000610351562,140.36000061035156,140.9199981689453,0
2024-04-22 00:00:00+00:00,140.91000366210938,140.91000366210938,141.17999267578125,140.5,140.9199981689453,0
2024-04-23 00:00:00+00:00,140.77999877929688,140.77999877929688,140.97999572753906,140.02999877929688,140.77000427246094,0
2024-04-24 00:00:00+00:00,140.1300048828125,140.1300048828125,140.4600067138672,139.9499969482422,140.13999938964844,0
2024-04-25 00:00:00+00:00,139.99000549316406,139.99000549316406,140.25,139.5800018310547,139.97999572753906,0
2024-04-26 00:00:00+00:00,139.6199951171875,139.6199951171875,140.5,139.2899932861328,139.63999938964844,0
2024-04-29 00:00:00+00:00,140.08999633789062,140.08999633789062,140.2899932861328,139.72999572753906,140.0800018310547,0
2024-04-30 00:00:00+00:00,139.97000122070312,139.97000122070312,140.2899932861328,139.7100067138672,139.97000122070312,0
2024-05-01 00:00:00+00:00,140.24000549316406,140.24000549316406,140.47000122070312,139.9600067138672,140.24000549316406,0
2024-05-02 00:00:00+00:00,139.57000732421875,139.57000732421875,140.49000549316406,139.42999267578125,139.5800018310547,0
2024-05-03 00:00:00+00:00,139.77999877929688,139.77999877929688,139.83999633789062,138.94000244140625,139.82000732421875,0
2024-05-06 00:00:00+00:00,139.41000366210938,139.41000366210938,139.44000244140625,138.97999572753906,139.39999389648438,0
2024-05-07 00:00:00+00:00,139.30999755859375,139.30999755859375,139.4499969482422,139.0399932861328,139.3000030517578,0
2024-05-08 00:00:00+00:00,139.52000427246094,139.52000427246094,139.74000549316406,139.1699981689453,139.52000427246094,0
2024-05-09 00:00:00+00:00,139.55999755859375,139.55999755859375,139.83999633789062,139.10000610351562,139.55999755859375,0
2024-05-10 00:00:00+00:00,139.11000061035156,139.11000061035156,139.47000122070312,139.0,139.10000610351562,0
2024-05-13 00:00:00+00:00,139.25,139.25,139.30999755859375,138.77999877929688,139.25,0
2024-05-14 00:00:00+00:00,139.13999938964844,139.13999938964844,139.3699951171875,138.72000122070312,139.16000366210938,0
2024-05-15 00:00:00+00:00,138.85000610351562,138.85000610351562,138.88999938964844,137.94000244140625,138.8800048828125,0
2024-05-16 00:00:00+00:00,137.72999572753906,137.72999572753906,138.1699981689453,137.66000366210938,137.72999572753906,0
2024-05-17 00:00:00+00:00,138.02000427246094,138.02000427246094,138.39999389648438,137.8699951171875,138.00999450683594,0
2024-05-20 00:00:00+00:00,137.94000244140625,137.94000244140625,138.1699981689453,137.7899932861328,137.94000244140625,0
2024-05-21 00:00:00+00:00,138.10000610351562,138.10000610351562,138.22000122070312,137.7899932861328,138.10000610351562,0
2024-05-22 00:00:00+00:00,137.97999572753906,137.97999572753906,138.39999389648438,137.8800048828125,137.99000549316406,0
2024-05-23 00:00:00+00:00,138.36000061035156,138.36000061035156,138.60000610351562,137.89999389648438,138.3699951171875,0
2024-05-24 00:00:00+00:00,138.7100067138672,138.7100067138672,138.8000030517578,137.75,138.72000122070312,0
2024-05-27 00:00:00+00:00,137.89999389648438,137.89999389648438,137.9199981689453,137.17999267578125,137.91000366210938,0
2024-05-28 00:00:00+00:00,137.1699981689453,137.1699981689453,137.19000244140625,136.74000549316406,137.16000366210938,0
2024-05-29 00:00:00+00:00,137.10000610351562,137.10000610351562,137.8300018310547,136.85000610351562,137.10000610351562,0
2024-05-30 00:00:00+00:00,137.92999267578125,137.92999267578125,138.10000610351562,136.80999755859375,137.92999267578125,0
2024-05-31 00:00:00+00:00,136.97999572753906,136.97999572753906,137.25,136.7100067138672,136.99000549316406,0
2024-06-03 00:00:00+00:00,137.0800018310547,137.0800018310547,137.77000427246094,136.97000122070312,137.0800018310547,0
2024-06-04 00:00:00+00:00,136.77000427246094,136.77000427246094,137.72000122070312,136.64999389648438,136.77000427246094,0
2024-06-05 00:00:00+00:00,137.10000610351562,137.10000610351562,137.5,137.02999877929688,137.11000061035156,0
2024-06-06 00:00:00+00:00,137.19000244140625,137.19000244140625,137.50999450683594,136.91000366210938,137.17999267578125,0
2024-06-07 00:00:00+00:00,137.14999389648438,137.14999389648438,138.44000244140625,137.05999755859375,137.14999389648438,0
2024-06-10 00:00:00+00:00,138.42999267578125,138.42999267578125,139.19000244140625,138.42999267578125,138.42999267578125,0
2024-06-11 00:00:00+00:00,138.7899932861328,138.7899932861328,139.16000366210938,138.66000366210938,138.7899932861328,0
2024-06-12 00:00:00+00:00,138.89999389648438,138.89999389648438,138.99000549316406,137.27999877929688,138.9199981689453,0
2024-06-13 00:00:00+00:00,137.77999877929688,137.77999877929688,138.5399932861328,137.74000549316406,137.77999877929688,0
2024-06-14 00:00:00+00:00,138.74000549316406,138.74000549316406,139.6300048828125,138.64999389648438,138.74000549316406,0
2024-06-17 00:00:00+00:00,139.1699981689453,139.1699981689453,139.58999633789062,139.10000610351562,139.1699981689453,0
2024-06-18 00:00:00+00:00,138.91000366210938,138.91000366210938,139.22999572753906,138.6300048828125,138.91000366210938,0
2024-06-19 00:00:00+00:00,138.72000122070312,138.72000122070312,139.0500030517578,138.5399932861328,138.72999572753906,0
2024-06-20 00:00:00+00:00,138.8000030517578,138.8000030517578,139.25,138.6300048828125,138.80999755859375,0
2024-06-21 00:00:00+00:00,138.97000122070312,138.97000122070312,139.35000610351562,138.77999877929688,138.9600067138672,0
2024-06-24 00:00:00+00:00,139.2100067138672,139.2100067138672,139.24000549316406,138.44000244140625,139.2100067138672,0
2024-06-25 00:00:00+00:00,138.6300048828125,138.6300048828125,139.17999267578125,138.47999572753906,138.6300048828125,0
2024-06-26 00:00:00+00:00,138.92999267578125,138.92999267578125,139.38999938964844,138.80999755859375,138.94000244140625,0
2024-06-27 00:00:00+00:00,139.1199951171875,139.1199951171875,139.16000366210938,138.52000427246094,139.1300048828125,0
2024-06-28 00:00:00+00:00,138.75,138.75,139.07000732421875,138.44000244140625,138.75999450683594,0
2024-07-01 00:00:00+00:00,138.22000122070312,138.22000122070312,138.77999877929688,137.69000244140625,138.22000122070312,0
2024-07-02 00:00:00+00:00,138.5800018310547,138.5800018310547,139.08999633789062,138.4499969482422,138.55999755859375,0
2024-07-03 00:00:00+00:00,138.42999267578125,138.42999267578125,138.57000732421875,137.5500030517578,138.4199981689453,0
2024-07-04 00:00:00+00:00,137.8800048828125,137.8800048828125,137.97000122070312,137.72000122070312,137.86000061035156,0
2024-07-05 00:00:00+00:00,137.7899932861328,137.7899932861328,137.85000610351562,137.42999267578125,137.7899932861328,0
2024-07-08 00:00:00+00:00,137.6199951171875,137.6199951171875,137.74000549316406,137.2899932861328,137.60000610351562,0
2024-07-09 00:00:00+00:00,137.36000061035156,137.36000061035156,137.69000244140625,137.22000122070312,137.33999633789062,0
2024-07-10 00:00:00+00:00,137.5800018310547,137.5800018310547,137.6199951171875,137.38999938964844,137.57000732421875,0
2024-07-11 00:00:00+00:00,137.35000610351562,137.35000610351562,137.36000061035156,136.6999969482422,137.3300018310547,0
2024-07-12 00:00:00+00:00,136.97999572753906,136.97999572753906,137.16000366210938,136.5399932861328,136.9499969482422,0
2024-07-15 00:00:00+00:00,136.39999389648438,136.39999389648438,136.8800048828125,136.38999938964844,136.39999389648438,0
2024-07-16 00:00:00+00:00,136.5,136.5,137.0399932861328,136.5,136.5,0
2024-07-17 00:00:00+00:00,136.64999389648438,136.64999389648438,136.72999572753906,136.07000732421875,136.64999389648438,0
2024-07-18 00:00:00+00:00,136.36000061035156,136.36000061035156,136.97999572753906,136.33999633789062,136.35000610351562,0
2024-07-19 00:00:00+00:00,137.02999877929688,137.02999877929688,137.32000732421875,136.94000244140625,137.02999877929688,0
2024-07-22 00:00:00+00:00,137.0500030517578,137.0500030517578,137.74000549316406,137.07000732421875,137.07000732421875,0
2024-07-23 00:00:00+00:00,137.35000610351562,137.35000610351562,137.75999450683594,137.25999450683594,137.35000610351562,0
2024-07-24 00:00:00+00:00,137.67999267578125,137.67999267578125,137.97999572753906,137.39999389648438,137.67999267578125,0
2024-07-25 00:00:00+00:00,137.6300048828125,137.6300048828125,137.75999450683594,137.30999755859375,137.63999938964844,0
2024-07-26 00:00:00+00:00,137.47999572753906,137.47999572753906,137.8300018310547,137.35000610351562,137.47999572753906,0
2024-07-29 00:00:00+00:00,137.82000732421875,137.82000732421875,138.30999755859375,137.61000061035156,137.8300018310547,0
2024-07-30 00:00:00+00:00,137.88999938964844,137.88999938964844,138.14999389648438,135.0,137.91000366210938,0
2024-07-31 00:00:00+00:00,137.92999267578125,137.92999267578125,138.4499969482422,137.72000122070312,137.92999267578125,0
2024-08-01 00:00:00+00:00,138.02000427246094,138.02000427246094,138.6999969482422,137.86000061035156,137.97999572753906,0
2024-08-02 00:00:00+00:00,138.6699981689453,138.6699981689453,138.75,137.47000122070312,138.6999969482422,0
2024-08-05 00:00:00+00:00,137.63999938964844,137.63999938964844,137.8300018310547,136.47999572753906,137.63999938964844,0
2024-08-06 00:00:00+00:00,137.13999938964844,137.13999938964844,138.0,136.97999572753906,137.1300048828125,0
2024-08-07 00:00:00+00:00,137.85000610351562,137.85000610351562,138.1999969482422,137.67999267578125,137.85000610351562,0
2024-08-08 00:00:00+00:00,137.77999877929688,137.77999877929688,138.5500030517578,137.5800018310547,137.80999755859375,0
2024-08-09 00:00:00+00:00,138.1300048828125,138.1300048828125,138.2100067138672,137.94000244140625,138.16000366210938,0
2024-08-12 00:00:00+00:00,138.16000366210938,138.16000366210938,138.1699981689453,137.8300018310547,138.16000366210938,0
2024-08-13 00:00:00+00:00,137.86000061035156,137.86000061035156,138.25,137.5500030517578,137.86000061035156,0
2024-08-14 00:00:00+00:00,137.66000366210938,137.66000366210938,137.86000061035156,137.25,137.66000366210938,0
2024-08-15 00:00:00+00:00,137.8300018310547,137.8300018310547,138.60000610351562,137.77999877929688,137.82000732421875,0
2024-08-16 00:00:00+00:00,138.69000244140625,138.69000244140625,139.24000549316406,138.3699951171875,138.66000366210938,0
2024-08-19 00:00:00+00:00,138.02999877929688,138.02999877929688,138.0500030517578,136.88999938964844,138.0399932861328,0
2024-08-20 00:00:00+00:00,136.7100067138672,136.7100067138672,137.02000427246094,136.42999267578125,136.7100067138672,0
2024-08-21 00:00:00+00:00,136.38999938964844,136.38999938964844,137.22999572753906,136.32000732421875,136.38999938964844,0
2024-08-22 00:00:00+00:00,136.22999572753906,136.22999572753906,136.9199981689453,136.2100067138672,136.25,0
2024-08-23 00:00:00+00:00,136.6999969482422,136.6999969482422,136.99000549316406,135.9199981689453,136.6999969482422,0
2024-08-26 00:00:00+00:00,136.00999450683594,136.00999450683594,136.85000610351562,135.83999633789062,135.99000549316406,0
2024-08-27 00:00:00+00:00,136.64999389648438,136.64999389648438,137.0,136.47999572753906,136.64999389648438,0
2024-08-28 00:00:00+00:00,136.49000549316406,136.49000549316406,137.55999755859375,136.47000122070312,136.52000427246094,0
2024-08-29 00:00:00+00:00,137.16000366210938,137.16000366210938,137.99000549316406,136.9600067138672,137.14999389648438,0
2024-08-30 00:00:00+00:00,137.69000244140625,137.69000244140625,138.02999877929688,137.50999450683594,137.6999969482422,0
2024-09-02 00:00:00+00:00,138.13999938964844,138.13999938964844,138.3000030517578,137.74000549316406,138.1300048828125,0
2024-09-03 00:00:00+00:00,138.22000122070312,138.22000122070312,138.82000732421875,138.17999267578125,138.22000122070312,0
2024-09-04 00:00:00+00:00,138.6300048828125,138.6300048828125,138.83999633789062,138.2100067138672,138.64999389648438,0
2024-09-05 00:00:00+00:00,138.25,138.25,138.3000030517578,137.57000732421875,138.22999572753906,0
2024-09-06 00:00:00+00:00,137.6699981689453,137.6699981689453,138.0500030517578,136.69000244140625,137.6699981689453,0
2024-09-09 00:00:00+00:00,137.24000549316406,137.24000549316406,137.75999450683594,137.2100067138672,137.25999450683594,0
2024-09-10 00:00:00+00:00,137.7100067138672,137.7100067138672,137.9600067138672,137.5399932861328,137.72000122070312,0
2024-09-11 00:00:00+00:00,137.89999389648438,137.89999389648438,138.33999633789062,137.50999450683594,137.88999938964844,0
2024-09-12 00:00:00+00:00,138.02999877929688,138.02999877929688,138.08999633789062,137.47000122070312,138.00999450683594,0
2024-09-13 00:00:00+00:00,137.19000244140625,137.19000244140625,137.39999389648438,136.72000122070312,137.16000366210938,0
2024-09-16 00:00:00+00:00,137.0500030517578,137.0500030517578,137.0800018310547,136.47000122070312,137.0500030517578,0
2024-09-17 00:00:00+00:00,136.5399932861328,136.5399932861328,136.88999938964844,136.33999633789062,136.55999755859375,0
2024-09-18 00:00:00+00:00,136.6300048828125,136.6300048828125,136.8000030517578,136.4199981689453,136.63999938964844,0
2024-09-19 00:00:00+00:00,136.75,136.75,137.3000030517578,135.97999572753906,136.74000549316406,0
2024-09-20 00:00:00+00:00,136.17999267578125,136.17999267578125,136.27999877929688,135.8000030517578,136.16000366210938,0
2024-09-23 00:00:00+00:00,135.97999572753906,135.97999572753906,136.92999267578125,135.85000610351562,136.0,0
2024-09-24 00:00:00+00:00,136.2100067138672,136.2100067138672,136.32000732421875,135.2100067138672,136.2100067138672,0
2024-09-25 00:00:00+00:00,134.72999572753906,134.72999572753906,134.8699951171875,133.88999938964844,134.72999572753906,0
2024-09-26 00:00:00+00:00,134.91000366210938,134.91000366210938,134.9600067138672,134.25999450683594,134.92999267578125,0
2024-09-27 00:00:00+00:00,134.52999877929688,134.52999877929688,135.13999938964844,134.25,134.5399932861328,0
2024-09-30 00:00:00+00:00,134.8000030517578,134.8000030517578,134.9600067138672,134.10000610351562,134.7899932861328,0
2024-10-01 00:00:00+00:00,134.83999633789062,134.83999633789062,135.44000244140625,134.6199951171875,134.83999633789062,0
2024-10-02 00:00:00+00:00,135.19000244140625,135.19000244140625,135.3000030517578,134.89999389648438,135.17999267578125,0
2024-10-03 00:00:00+00:00,135.0399932861328,135.0399932861328,135.35000610351562,134.8699951171875,135.0500030517578,0
2024-10-04 00:00:00+00:00,134.97999572753906,134.97999572753906,135.75,134.8000030517578,135.0,0
2024-10-07 00:00:00+00:00,135.4199981689453,135.4199981689453,135.6199951171875,134.88999938964844,135.42999267578125,0
2024-10-08 00:00:00+00:00,135.02000427246094,135.02000427246094,135.36000061035156,134.75,135.02000427246094,0
2024-10-09 00:00:00+00:00,135.19000244140625,135.19000244140625,135.47999572753906,135.14999389648438,135.19000244140625,0
2024-10-10 00:00:00+00:00,135.42999267578125,135.42999267578125,135.92999267578125,135.27000427246094,135.42999267578125,0
2024-10-11 00:00:00+00:00,135.7100067138672,135.7100067138672,136.35000610351562,135.4600067138672,135.69000244140625,0
2024-10-14 00:00:00+00:00,136.55999755859375,136.55999755859375,136.66000366210938,136.22000122070312,136.55999755859375,0
2024-10-15 00:00:00+00:00,136.57000732421875,136.57000732421875,136.86000061035156,136.42999267578125,136.57000732421875,0
2024-10-16 00:00:00+00:00,136.8699951171875,136.8699951171875,137.38999938964844,136.5800018310547,136.8800048828125,0
2024-10-17 00:00:00+00:00,137.3800048828125,137.3800048828125,137.60000610351562,136.8800048828125,137.3699951171875,0
2024-10-18 00:00:00+00:00,137.35000610351562,137.35000610351562,137.35000610351562,136.9199981689453,137.35000610351562,0
2024-10-21 00:00:00+00:00,137.08999633789062,137.08999633789062,137.5,137.07000732421875,137.07000732421875,0
2024-10-22 00:00:00+00:00,137.55999755859375,137.55999755859375,137.92999267578125,137.27999877929688,137.5500030517578,0
2024-10-23 00:00:00+00:00,137.99000549316406,137.99000549316406,138.44000244140625,137.85000610351562,137.99000549316406,0
2024-10-24 00:00:00+00:00,137.97000122070312,137.97000122070312,137.97000122070312,137.08999633789062,137.97000122070312,0
2024-10-25 00:00:00+00:00,137.08999633789062,137.08999633789062,137.66000366210938,136.92999267578125,137.0800018310547,0
2024-10-28 00:00:00+00:00,137.82000732421875,137.82000732421875,137.99000549316406,137.27000427246094,137.82000732421875,0
2024-10-29 00:00:00+00:00,137.3699951171875,137.3699951171875,137.77999877929688,137.0500030517578,137.35000610351562,0
2024-10-30 00:00:00+00:00,136.94000244140625,136.94000244140625,137.3000030517578,136.36000061035156,136.9600067138672,0
2024-10-31 00:00:00+00:00,136.4600067138672,136.4600067138672,137.0,136.25999450683594,136.4600067138672,0
2024-11-01 00:00:00+00:00,136.5,136.5,137.22000122070312,136.44000244140625,136.52000427246094,0
2024-11-04 00:00:00+00:00,137.14999389648438,137.14999389648438,136.75,136.1199951171875,136.72000122070312,0
2024-11-05 00:00:00+00:00,136.63999938964844,136.63999938964844,136.64999389648438,136.0500030517578,136.63999938964844,0
2024-11-06 00:00:00+00:00,135.8800048828125,135.8800048828125,138.8000030517578,135.88999938964844,135.91000366210938,0
2024-11-07 00:00:00+00:00,137.8800048828125,137.8800048828125,138.1300048828125,136.7100067138672,137.8800048828125,0
2024-11-08 00:00:00+00:00,137.08999633789062,137.08999633789062,138.55999755859375,137.0500030517578,137.0800018310547,0
2024-11-11 00:00:00+00:00,138.44000244140625,138.44000244140625,139.2100067138672,138.32000732421875,138.4499969482422,0
2024-11-12 00:00:00+00:00,138.42999267578125,138.42999267578125,139.13999938964844,138.39999389648438,138.39999389648438,0
2024-11-13 00:00:00+00:00,138.63999938964844,138.63999938964844,139.42999267578125,138.47000122070312,138.63999938964844,0
2024-11-14 00:00:00+00:00,139.13999938964844,139.13999938964844,139.55999755859375,137.38999938964844,139.1199951171875,0
